,NoDur,Durbl,Manuf,Enrgy,HiTec,Telcm,Shops,Hlth,Utils,Other
1973-08-01,0.06920157990988773,0.0,1.7737805986386888e-17,0.13068510656879095,0.0,0.337800521952984,0.0,0.2335844773920848,0.2287283141762526,1.1987278828570062e-17
1973-09-01,0.07956490558186183,1.2151445805792649e-17,0.0,0.11836666806558553,6.628950017885685e-18,0.32430927480710897,7.300336146117168e-19,0.2290344313538352,0.24872472019160854,0.0
1973-10-01,0.02446680651145376,1.9567728905788845e-17,6.907853274002492e-18,0.11366399986914001,0.0,0.32480799719260806,7.125154018926718e-19,0.29393599506071316,0.24312520136608504,0.0
1973-11-01,0.012229748713406688,1.1202377038133646e-17,0.0,0.1255544464034519,0.0,0.32145487435026615,0.0,0.30582698059034175,0.23493394994253358,1.4032486543284457e-17
1973-12-01,3.14872743198614e-18,2.2094887456897873e-17,0.0,0.13986344272340076,1.0184855400527367e-17,0.36745569813093715,1.0002865774063413e-17,0.3120086647826708,0.1806721943629913,0.0
1974-01-01,2.1110357255358145e-18,0.0,0.0,0.1347555666003491,2.677645217338045e-17,0.36071317714464957,8.877426217679132e-18,0.3204877749427677,0.1840434813122335,2.0335562298467072e-17
1974-02-01,0.0,1.6828150188015873e-17,0.0,0.13319714953137582,5.835997843109253e-18,0.3657690292718914,0.0,0.3192170052141576,0.1818168159825753,6.279050814965273e-18
1974-03-01,0.0,1.0371026487976581e-17,2.671057231726639e-19,0.13451882629781184,0.0,0.3616459399997139,4.8784627497156396e-17,0.3200951273220917,0.18374010638038257,0.0
1974-04-01,0.0,5.542316164556572e-17,1.3171274617164356e-17,0.13057328851447586,1.2302267691816303e-17,0.3566526203318355,1.611268565198467e-17,0.32990670428831065,0.1828673868653779,0.0
1974-05-01,0.0,0.0,3.78650873701306e-17,0.13240350176262972,0.0,0.38800192979457865,1.0250973080474825e-18,0.3514657387277408,0.12812882971505082,1.0845633225849105e-17
1974-06-01,0.0,0.0,0.0,0.121270746709535,0.0,0.3963351646971938,0.0,0.3588551881679225,0.12353890042534864,2.8595788109974744e-18
1974-07-01,0.0,0.0,6.083310066178965e-18,0.12099150471088879,0.0,0.4139778537448469,2.445463366134351e-17,0.35544554793421085,0.10958509361005342,0.0
1974-08-01,0.0,0.0,9.805349182100297e-18,0.15081329366796817,2.3991528384840353e-17,0.361617494239248,0.0,0.29946128139261696,0.18810793070016693,0.0
1974-09-01,3.8621165580304025e-18,1.0012067908871569e-17,4.0346368997728547e-17,0.14080488145931253,0.0,0.4099303579405271,5.9713328426383556e-18,0.2954806568974715,0.1537841037026888,0.0
1974-10-01,0.0,1.393316454365842e-17,1.0109735112142584e-17,0.1298920724220001,1.2034422932025778e-17,0.4170333435753102,9.918214889982274e-18,0.251779397490839,0.20129518651185077,0.0
1974-11-01,0.00796933717407071,0.010994900986792166,0.0,0.08786109001507657,0.07910619925533541,0.5074650983090727,0.0,0.07218995867723818,0.23441341558241427,1.3268897991111075e-17
1974-12-01,0.0022221287511921175,0.011089193575775579,2.0779895235574156e-18,0.08236749176378602,0.07656835110399572,0.5069259024036685,1.862114635005082e-18,0.07808709271749882,0.24273983968408325,0.0
1975-01-01,1.3687687753867487e-17,0.013370383899891525,0.0,0.07930053894710296,0.07131694582730469,0.5106303875636641,1.407253912947309e-18,0.08466914036846153,0.2407126033935751,6.833040654842683e-18
1975-02-01,1.7932291641719886e-17,0.0,0.0,0.10859224408372713,7.813906882575041e-17,0.5495451064655318,2.6962887044057573e-18,0.20290228904236995,0.1389603604083709,0.0
1975-03-01,0.0,0.0,0.0,0.12840323547991817,1.2995513448751251e-17,0.5411209147928991,0.0,0.17128209967773786,0.15919375004944494,5.576451921654829e-18
1975-04-01,6.79450092496244e-18,1.6432568288253898e-17,0.0,0.12943072409919895,0.0,0.542600530115405,0.0,0.171763778639076,0.15620496714632015,9.775340473298206e-18
1975-05-01,6.524576556137496e-17,0.0,8.699789422985023e-18,0.12833537460296596,5.762677823413933e-19,0.5444776886629312,8.810018905738094e-18,0.17272006183987243,0.15446687489423033,0.0
1975-06-01,0.0,2.712911287079942e-17,1.879887788159669e-17,0.11028697600348523,0.0,0.577067239497985,0.0,0.17564213457676695,0.13700364992176273,1.231383145853041e-17
1975-07-01,1.8809484937486284e-17,0.0,2.8835518776012627e-18,0.10378968173589888,1.673185606764128e-17,0.5947169563037551,0.0,0.1895797020026871,0.11191365995765894,1.86409326300831e-17
1975-08-01,0.0,3.242258125343176e-17,0.0,0.11395155883717013,4.928707205134094e-17,0.606250014070291,0.0,0.16932958844676946,0.11046883864576955,0.0
1975-09-01,3.928861390101393e-17,0.0,5.0348195788994425e-17,0.11472641492070781,4.621794806785888e-17,0.5998509423913104,2.6901585578822293e-17,0.1705402209393403,0.11488242174864129,2.2843841662809337e-17
1975-10-01,5.642344683742098e-18,0.0006208930396590176,0.0,0.11415570884437583,4.2786212315306534e-17,0.5956829657489248,5.8538170420173054e-18,0.16915612786075465,0.12038430450628572,1.564684506346065e-17
1975-11-01,0.0,0.0,3.113123616068908e-17,0.14753589909444895,3.247521350086333e-17,0.5926955127030104,7.416878388061234e-18,0.1520887464432759,0.10767984175926497,1.491218159915566e-18
1975-12-01,4.749254936653514e-17,0.0,0.0,0.16273264503714396,7.292703287756272e-17,0.6038471660327498,4.665347751921661e-18,0.1387651718689726,0.09465501706113374,8.853218225282511e-18
1976-01-01,0.0,6.567811237189702e-17,5.049634678664522e-17,0.16376559955831713,0.0,0.6050357706284017,0.0,0.13474941282388625,0.096449216989395,2.5592194134639863e-19
1976-02-01,0.0,0.0,0.0,0.164998626489216,2.840025175856911e-18,0.5978982176587725,3.017359752319095e-18,0.13407215237891704,0.1030310034730945,9.852158127663349e-18
1976-03-01,0.0,0.0,1.2471269051215343e-17,0.16562991270479716,0.0,0.5862518011492146,0.0,0.14205642927904194,0.10606185686694641,4.4417149230862285e-18
1976-04-01,1.0855780957372065e-17,1.2342414060343165e-17,0.0,0.16342928867456002,7.49678476273469e-18,0.6141000902186106,0.0,0.13049326522833493,0.0919773558784945,2.222641282797366e-17
1976-05-01,0.0,4.9136537413225796e-17,6.420027657334737e-17,0.16394167817870506,1.4866889390028112e-17,0.6131656031534882,0.0,0.1308699852819751,0.09202273338583149,0.0
1976-06-01,6.659156857190467e-17,0.0,0.0,0.17352219946314035,0.0,0.6078901474529719,0.0,0.1308553377501776,0.08773231533371004,0.0
1976-07-01,2.54944523554804e-17,0.0,0.0,0.17274393313602046,0.0,0.6088835255950504,5.9305907239153e-18,0.13128091168794945,0.0870916295809797,4.535365538934432e-18
1976-08-01,3.721271550739317e-17,0.0,8.849634812473495e-18,0.17233368170812877,0.0,0.6101792747735629,0.0,0.13194577836944596,0.08554126514886246,0.0
1976-09-01,0.0,9.148062962543916e-18,2.4876050127908557e-17,0.17550248335016105,5.864464194717394e-18,0.5806086771769005,7.368152223490906e-19,0.1385666284883726,0.10532221098456596,0.0
1976-10-01,2.1077704172052155e-17,0.0,3.3619647404898646e-17,0.17235106793836016,0.0,0.5864615560691951,1.120043830864568e-19,0.13855705808996815,0.10263031790247645,0.0
1976-11-01,0.0,0.0,0.0,0.17194797950158075,2.5984344450878277e-17,0.5921373996352399,0.0,0.12489108960759711,0.11102353125558242,0.0
1976-12-01,3.553187752526154e-17,0.0,1.0365614246278941e-17,0.1739488605883314,0.0,0.5960975802108085,2.417774347204027e-18,0.12135216543096841,0.10860139376989165,2.908762048753229e-19
1977-01-01,0.0,0.0,0.0,0.1715935925230532,3.321597957063073e-17,0.6100677732964367,0.0,0.1185492726474294,0.0997893615330808,0.0
1977-02-01,0.0,1.0063627686926445e-17,0.0,0.1697767203861714,0.0,0.6247364475278827,5.892905719192747e-18,0.11623708216517091,0.08924974992077499,6.501525771023827e-18
1977-03-01,2.4199324843913564e-17,1.0285065441439393e-17,0.0,0.16866186312286974,0.0,0.6297928106758223,8.982871870613073e-18,0.11682238810518604,0.08472293809612205,3.0146579196850308e-18
1977-04-01,1.8968366651642766e-17,0.0,0.0,0.1660814831108996,0.0,0.6285738383070059,1.6416087872386306e-18,0.12196486948326815,0.08337980909882649,0.0
1977-05-01,0.0,0.0,0.0,0.16594382100685287,0.0,0.6271036810894426,6.3714230205553434e-18,0.12245787841185213,0.08449461949185234,1.432521807596279e-18
1977-06-01,1.2706900889196843e-17,0.0,0.0,0.15962194392227114,0.0,0.6360800830112543,6.913107235129476e-18,0.12422734220279738,0.08007063086367744,7.179880548362277e-18
1977-07-01,0.0,0.0,0.0,0.16037370157569952,0.0,0.6548516065667969,0.0,0.12066744442901128,0.06410724742849246,0.0
1977-08-01,0.0,0.0,0.0,0.14683026308927122,0.0,0.6881652367112407,0.0,0.11512954096938326,0.04987495923010488,0.0
1977-09-01,6.047036851050508e-17,0.0,0.0,0.13977775281298363,2.8524058019495827e-18,0.6895277520959173,7.459344502140832e-19,0.12185208035711359,0.048842414733985526,5.208758062414373e-18
1977-10-01,0.0,2.596960570927505e-18,0.0,0.1428627969288884,4.2936546599927814e-17,0.6851165632499365,0.0,0.12421854339855891,0.047802096422616104,0.0
1977-11-01,0.0,3.0758493430429255e-17,0.0,0.1328493152804596,2.2780546279401713e-17,0.6686905435377234,0.0,0.13277416078480617,0.06568598039701089,0.0
1977-12-01,2.2356421581107403e-17,0.0,0.0,0.13391550065608956,5.810326988867952e-18,0.675384919839848,0.0,0.1298912255598762,0.06080835394418608,8.302966300139564e-18
1978-01-01,0.0,1.4850129061142754e-17,0.0,0.1334880190016525,0.0,0.6723826433854834,1.1723281038438363e-17,0.13005614855871608,0.06407318905414813,5.173081637329342e-18
1978-02-01,6.089240619959785e-17,0.0,2.1690908914882737e-17,0.1239206239953932,0.0,0.6735631592562782,1.9071205276517207e-17,0.136155577001363,0.06636063974696552,3.781701059013174e-18
1978-03-01,2.18618981581533e-18,0.0,1.3730903786860832e-17,0.12568423039665483,0.0,0.6663608446570305,1.697723402758695e-18,0.1405320602028535,0.06742286474346128,0.0
1978-04-01,4.081118918879516e-17,1.0802552496439956e-17,0.0,0.12442350844807375,0.0,0.6644268894800572,1.142619587578723e-17,0.1388942264285232,0.07225537564334578,7.313667142431139e-18
1978-05-01,0.0,0.0,2.7533976185435284e-17,0.11906816189480568,0.0,0.655398700021316,1.7154477134111728e-17,0.14276090155324506,0.08277223653063337,1.8837152444895813e-17
1978-06-01,0.0,1.7079289984897985e-17,0.0,0.11903681881089682,2.5811980395823083e-17,0.6562764246953005,1.6401682208400738e-17,0.14228930525971475,0.08239745123408795,0.0
1978-07-01,1.2455959200791847e-17,0.0,0.0,0.10708541676492357,2.4007716358098917e-18,0.6434415943259119,0.0,0.14396111809405887,0.10551187081510577,0.0
1978-08-01,1.6012401393211478e-17,3.687195471046009e-17,0.0,0.10531865075736516,0.0,0.6501897998181263,0.0,0.14046076657993603,0.10403078284457254,0.0
1978-09-01,0.0,4.028992442717694e-19,7.266527606298963e-18,0.1003869683715996,0.0,0.6452060429313456,1.4454376332184287e-18,0.14308373951838388,0.11132324917867091,4.426609052355812e-18
1978-10-01,0.0,4.312194098817844e-17,0.0,0.10214538830517676,0.0,0.64879827487194,0.0,0.1420810902352498,0.10697524658763352,3.3357457454503097e-18
1978-11-01,1.658009887828971e-17,1.2623538259422669e-17,0.0,0.09262762956701288,0.0,0.6831881624197267,0.0,0.12684510562680607,0.09733910238645435,0.0
1978-12-01,0.0,0.0,0.0,0.081386087007211,0.0,0.668141759215192,0.0,0.1310424624542118,0.11942969132338509,4.5720472150789185e-18
1979-01-01,1.5243357543137085e-17,0.0,2.0700017899003832e-18,0.07889569415470069,6.258241188771857e-19,0.6951663475077179,0.0,0.12342049177457277,0.10251746656300856,1.7179332082765168e-18
1979-02-01,1.3683524049316976e-17,0.0,0.0,0.08059443954112952,0.0,0.7003240017961947,1.5806180638240573e-17,0.12541441423139263,0.09366714443128323,9.133164821767667e-18
1979-03-01,0.0,0.0,1.77702105897164e-17,0.0842670242087642,0.0,0.6940086063435441,2.0736659349019088e-17,0.12418076558016035,0.09754360386753141,2.2832912054419167e-17
1979-04-01,2.5412130180499468e-17,0.0,0.0,0.0799253619436367,0.0,0.6984388303073448,3.038993955854e-17,0.12389683888172842,0.09773896886729011,2.054962084897725e-17
1979-05-01,0.0,0.0,1.2855794705880126e-17,0.07212243999064968,0.0,0.7322072916142299,2.2383320335426323e-18,0.12638022597024307,0.06929004242487749,0.0
1979-06-01,5.208075439312498e-17,0.0,2.3423852722317002e-18,0.07196628815078346,0.0,0.732036905179472,2.4810461658268515e-17,0.12577827547998352,0.07021853118976114,1.1416456027209584e-17
1979-07-01,1.3190319783959726e-17,1.3624674827259682e-17,4.742668580211857e-18,0.08063796492135478,2.648255810158446e-18,0.7293832108529857,0.0,0.12240869429354774,0.06757012993211166,0.0
1979-08-01,0.0,1.414285010976652e-17,2.604962814461351e-17,0.10149038809339136,0.0,0.7326296418043753,0.0,0.1139185612145761,0.0519614088876574,2.8541140068023955e-18
1979-09-01,2.2183526806873094e-17,7.766028733571796e-19,1.3877371349782047e-17,0.10122225312482105,1.6657357056179228e-17,0.739123160915336,7.981459434928273e-18,0.11480929114381266,0.0448452948160302,0.0
1979-10-01,0.0,7.394890933803227e-18,3.1453670195681602e-18,0.1314800955442375,0.0,0.7368929152077498,0.0,0.09767671581732698,0.03395027343068577,0.0
1979-11-01,5.205175290999293e-18,0.0,0.0,0.12215831140699389,0.0,0.7246295877384259,2.0541841718716872e-18,0.10646148875683546,0.046750612097744754,0.0
1979-12-01,0.0,1.0472920979723377e-18,7.12046276404817e-18,0.12042825631795118,1.0743409969621902e-17,0.7420536519461008,8.693632507501628e-19,0.10132010786804967,0.03619798386789829,4.5665824108838335e-18
1980-01-01,5.144297170227364e-18,1.7335300864526293e-17,7.284832049939396e-18,0.1337265813053127,0.0,0.7707246855535957,0.0,0.08526972347151107,0.010279009669580438,0.0
1980-02-01,0.0,9.627482027962563e-18,0.0,0.15890221325931334,3.097382803493079e-18,0.7528710789408698,2.6366677703764512e-18,0.08316269342094768,0.005064014378869226,8.847753421087428e-18
1980-03-01,3.694828709418319e-17,0.0,0.0,0.1503447709449458,0.0,0.7556682863736706,1.0056267606459205e-17,0.08087953795405875,0.013107404727324856,4.001224413718432e-18
1980-04-01,3.880706086950535e-18,2.076015013120104e-18,9.611607252643775e-18,0.11282181590539249,0.0,0.7812174476888493,0.0,0.09269960648900236,0.01326112991675597,0.0
1980-05-01,7.655608558156081e-18,0.0,1.6422786924910383e-17,0.11916138313012713,0.0,0.7797309974628891,5.2455737149582895e-18,0.10110761940698378,0.0,0.0
1980-06-01,0.0,8.38595011967739e-18,8.903980901889013e-18,0.11081768653186841,0.0,0.7826943118927744,7.890013887060414e-18,0.10648800157535726,8.673617379884035e-19,0.0
1980-07-01,8.601580779730662e-18,0.0,9.947179480036976e-19,0.10468586401792383,1.2360349782249619e-17,0.8068700253511758,0.0,0.08844411063090042,1.031601775215239e-17,7.411188692128301e-18
1980-08-01,2.1225757738037535e-18,5.924513065166327e-18,0.0,0.12305425270848402,0.0,0.8207566749046155,9.986168865825969e-18,0.056189072386900504,0.0,0.0
1980-09-01,0.0,0.0,2.4203685685918224e-17,0.12831615573827396,2.2689787581956205e-17,0.8086477758969448,0.0,0.06303606836478118,0.0,0.0
1980-10-01,1.2196046076536717e-17,1.1644161911460412e-17,8.508072384909208e-20,0.13090861775512233,0.0,0.8070306144948761,1.0116173343459168e-19,0.06206076775000151,0.0,0.0
1980-11-01,8.781416689862434e-19,0.0,0.0,0.13412839338076865,0.0,0.8079016683522063,2.6503047949704762e-18,0.05796993826702493,3.684013916211761e-18,7.629096984410462e-18
1980-12-01,0.0,0.0,0.0,0.11580878224322529,0.0,0.8305086492533247,0.0,0.0536825685034499,2.0816681711721685e-17,9.709452427323223e-18
1981-01-01,0.0,0.0,8.883574798676866e-18,0.10137597859499994,7.003464763147453e-18,0.8331063385460139,0.0,0.05708394541827099,0.008433737440715038,0.0
1981-02-01,0.0,0.0,0.0,0.09552885327092482,4.45243865626191e-18,0.8497067138576175,1.6410395476306853e-18,0.054764432871457755,1.0408340855860843e-17,1.1416456027209584e-18
1981-03-01,1.4494053018352384e-17,1.2843947440110018e-17,0.0,0.08691551059426417,0.0,0.8646284540563771,0.0,0.04845603534935878,0.0,0.0
1981-04-01,0.0,5.897952205641307e-18,0.0,0.08753032024639056,4.826839838322347e-18,0.8645297611258704,0.0,0.04793991862773898,6.938893903907228e-18,0.0
1981-05-01,0.0,1.0075086423329086e-17,6.5091559705119794e-18,0.10244693240017867,0.0,0.8483780285116039,0.0,0.0456882428988008,0.003486796189416535,1.7179332082765168e-18
1981-06-01,0.0,0.0,1.677493987720519e-17,0.11968924458889675,5.045443763981092e-18,0.8398891063677374,3.4476574404391752e-18,0.03825021123569963,0.002171437807666283,6.460165247257411e-18
1981-07-01,0.0,0.0,0.0,0.12157137470727858,6.306186657734826e-18,0.8333917832865604,8.513608028428757e-18,0.03403258810086449,0.011004253905296402,2.8541140068024e-18
1981-08-01,2.2009102111205978e-18,0.0,0.0,0.12263182460810856,3.654767229053294e-18,0.840186408373056,0.0,0.032497024227657295,0.004684742791178222,0.0
1981-09-01,7.298164350530265e-18,1.4045766670195663e-17,7.8256191537063e-18,0.11930795822538481,0.0,0.8429245467387633,1.160542776199102e-17,0.02614281112828212,0.011624683907569842,0.0
1981-10-01,0.0,3.4453619956972293e-18,0.0,0.11937530658891658,0.0,0.8429242908753929,8.828178409556363e-18,0.025665169014241228,0.012035233521449293,3.995759609523355e-18
1981-11-01,0.0,1.2374716772457414e-17,0.0,0.11997537778076792,0.0,0.8502729929867995,0.0,0.022520815701904083,0.007230813530528388,0.0
1981-12-01,0.0,0.0,1.151005969187942e-17,0.11993272489969255,0.0,0.8555622793012726,1.7976897604453726e-19,0.021950623452595314,0.002554372346439609,1.1416456027209584e-18
1982-01-01,1.028404419348292e-17,1.7268942028268834e-18,0.0,0.11383765068237568,0.0,0.8492570731426672,1.0072503195764293e-17,0.026350976263676485,0.010554299911280669,4.5665824108838335e-18
1982-02-01,5.237776805834952e-18,0.0,0.0,0.10979782718951878,0.0,0.8488680898915885,1.0783268145910407e-17,0.028111906681979458,0.013222176236913323,4.067112459693414e-18
1982-03-01,0.0,4.829729205740807e-19,7.666044246975424e-18,0.08005766171859933,5.3977323346387765e-18,0.8110157403260718,0.0,0.042493711736810054,0.06643288621851881,0.0
1982-04-01,4.046598868728411e-18,6.170085416638274e-18,0.0,0.08410642538402822,0.0,0.8120019034997727,6.385239541116208e-18,0.04139362130370585,0.0624980498124932,3.424936808162875e-18
1982-05-01,1.5700725902696447e-18,5.159546341212458e-18,3.670510912384284e-18,0.08288560014958683,0.0,0.80536816157402,3.2699939438543625e-18,0.04224884645704525,0.06949739181934796,0.0
1982-06-01,2.9904511007083294e-18,8.932444963819126e-18,1.3002733492426077e-18,0.08399218260454862,3.462240644869502e-19,0.8062994540703781,0.0,0.0419235472958787,0.0677848160291946,0.0
1982-07-01,1.5157210274289617e-17,8.449484633567904e-18,0.0,0.07935040042504764,0.0,0.8093756366479085,7.037694911560537e-18,0.040283578703412426,0.07099038422363159,0.0
1982-08-01,0.0,0.0,4.765863088598462e-18,0.07820343654010373,8.135624231531327e-18,0.8109068135748556,0.0,0.040477171730219225,0.0704125781548214,0.0
1982-09-01,0.0,0.0,0.0,0.09987484103631038,0.0,0.8290249000943497,9.27688053479406e-18,0.022689997277665304,0.04841026159167469,2.2832912054419167e-18
1982-10-01,0.0,0.0,0.0,0.10012185216467072,0.0,0.8381836800500072,2.0801645685719148e-18,0.019953897932538017,0.041740569852784196,4.5665824108838335e-18
1982-11-01,3.8886897634514836e-18,7.357775066044781e-18,8.6403960191372705e-19,0.0980454214072401,2.4710716736625267e-18,0.8199379506147912,0.0,0.016080910082468175,0.06593571789550047,0.0
1982-12-01,0.0,3.85187334878526e-18,3.771336306097142e-18,0.10738335380320856,8.380457432599864e-19,0.8189987045081473,1.85792509213128e-18,9.323134836090272e-18,0.07361794168864423,1.7838212542515e-19
1983-01-01,3.916414087530818e-18,0.0,5.704751012489993e-18,0.10776587804899779,7.931352562739394e-19,0.8155336884359441,0.0,2.3077838939680333e-17,0.076700433515058,4.714752915419035e-18
1983-02-01,0.0,5.8134904248302016e-18,8.722957613675932e-18,0.09245291171029586,9.05462363824541e-19,0.741849889940866,0.0,0.02444109656838142,0.14125610178045678,0.0
1983-03-01,0.0,1.4306727060573075e-17,7.22584384923359e-18,0.10431022626563806,0.0,0.756401143528738,0.0,0.0159753078450309,0.12331332236059313,0.0
1983-04-01,0.0,7.030595363901393e-18,4.140653203852242e-18,0.10303311115367735,2.5597612246761603e-18,0.7552931080114139,0.0,0.015943927498020642,0.12572985333688808,0.0
1983-05-01,0.0,5.129295440018368e-19,0.0,0.09594740969438477,2.851764802625088e-18,0.7517473043018393,2.6784476725658096e-18,0.018956386746732695,0.13334889925704319,2.2832912054419167e-18
1983-06-01,0.0,3.799111649033527e-18,0.0,0.0988812785680239,1.104251478790417e-18,0.7516390885847306,3.690923102982887e-18,0.01547192429333597,0.13400770855390962,0.0
1983-07-01,0.0,0.0,1.3178970757500877e-18,0.09769185434487596,0.0,0.7498931797536951,0.0,0.015751361746573683,0.13666360415485543,0.0
1983-08-01,0.0,0.0,6.199170321410412e-19,0.09179518808913315,8.715324432117503e-19,0.7309112021155166,5.329970447876693e-18,0.009310987534336016,0.16798262226101415,8.973754313208312e-19
1983-09-01,1.4471451251550662e-18,0.0,0.0,0.0905378509727315,4.634068419361233e-18,0.7317028357818861,0.0,0.016067397056436106,0.1616919161889463,6.229995730473355e-18
1983-10-01,0.0,0.0,0.0,0.10059444048118754,4.1995906240727215e-18,0.7418924579914994,0.0,0.0,0.15751310152731324,0.0
1983-11-01,4.5504085066233576e-18,0.0,0.0,0.07901224463590412,9.452031234953978e-18,0.7255117315021915,0.0,1.1388080787473918e-18,0.19547602386190444,3.0503343447700607e-18
1983-12-01,6.184076670330108e-18,0.0,0.0,0.06645092826147027,3.607522341878296e-18,0.691231479784185,0.0,0.0,0.24231759195434494,7.189933058956804e-19
1984-01-01,1.453800272637189e-18,1.4086107752459833e-17,0.0,0.07676473467488228,4.677151818084543e-18,0.696682646054748,5.635250275034096e-19,9.398758947099252e-18,0.22655261927036965,4.286635814398679e-18
1984-02-01,3.934208540439153e-17,0.0,0.0,0.06601795095093389,1.6763294760517228e-18,0.6905505486927385,6.0690632587337466e-18,0.0,0.2434315003563276,0.0
1984-03-01,0.0,5.94945359495105e-18,7.038418656135488e-18,0.07403282597196775,0.0,0.696094641082894,0.0,0.0,0.22987253294513835,7.13528501700599e-19
1984-04-01,2.3749994327997198e-17,6.4971105937536235e-18,5.799669656173614e-19,0.07412590952735057,0.0,0.6884222444372357,3.205680496057133e-18,0.0,0.23745184603541372,8.606937551763476e-19
1984-05-01,1.592520865100043e-17,0.0,7.484650460534103e-18,0.0578866378216252,6.210841137201944e-18,0.6511232186888936,1.7824502677648954e-17,0.0,0.29099014348948127,6.136345114625151e-18
1984-06-01,6.586727998675868e-18,3.684786723646458e-18,1.150155419667685e-17,0.05576755492548975,6.401413015372696e-18,0.6359050827049887,8.590645886018668e-18,0.0,0.3083273623695216,0.0
1984-07-01,0.0,0.0,4.649288975230807e-18,0.0475086987087222,0.0,0.5624049031069015,0.0,5.899103422703183e-18,0.3900863981843764,4.349791719853587e-18
1984-08-01,0.0,0.0,0.0,0.05749838978356011,0.0,0.6055478121221842,0.0,3.504482320059054e-17,0.33695379809425563,3.7103482088431145e-18
1984-09-01,0.0,7.58680660267414e-18,7.024894196239543e-18,0.04072686517043645,0.0,0.5704249103717868,3.128900013580394e-18,0.0,0.3888482244577768,1.3824614720449105e-18
1984-10-01,0.0,0.0,4.624081256795971e-18,0.05421227070563964,0.0,0.5854771877766871,2.6069931176145896e-18,0.006702786627413144,0.3536077548902603,3.2822311078227554e-18
1984-11-01,0.0,1.310833389520451e-17,8.376889480048406e-18,0.058834544001109684,2.6737273159858775e-18,0.524417531188457,0.0,0.09159257349798462,0.3251553513124487,0.0
1984-12-01,0.0,0.0,4.6649495005277235e-18,0.0634161681183737,1.2759140028888004e-17,0.5312334644451862,7.903313763682386e-18,0.08860581579550506,0.3167445516409351,6.2790508149652714e-18
1985-01-01,1.7714296387309328e-17,0.0,9.52379285407255e-18,0.06502231127168832,0.0,0.5252400743297491,2.923632751017316e-18,0.09052783074619829,0.31920978365236424,6.92122646649581e-18
1985-02-01,0.08552019455241884,1.7503924824289428e-18,0.0,0.02410482437871287,0.0,0.4679185880006368,5.554766595975683e-18,1.2372237153070211e-17,0.4224563930682315,0.0
1985-03-01,0.08421070901239486,0.0,4.009146505353436e-18,0.02443742904236895,0.0,0.4730566635665055,7.287507030375982e-18,1.2114023006237257e-18,0.41829519837873064,5.1428700164393896e-18
1985-04-01,0.07269852282403118,0.0,0.0,0.03275131304078599,3.4051550387997225e-18,0.4798683809491265,0.0,4.174950732969533e-18,0.41468178318605653,2.854114006802396e-18
1985-05-01,0.06110367360388061,0.0,0.0,0.02849937655581952,2.9011981706415574e-19,0.4838924563280358,5.897363075250833e-19,0.0,0.42650449351226405,0.0
1985-06-01,0.038700708671533156,0.0,6.49617399165118e-18,0.04183177972210577,0.0,0.47754658738234695,2.915021542914288e-18,3.0322784823699273e-18,0.44192092422401413,0.0
1985-07-01,0.008218807078636444,0.01383104626586753,1.0057634667740081e-17,0.03463574355376067,6.56137534278577e-18,0.4539907338557213,3.101530620719944e-18,6.324543735274921e-18,0.48932366924601417,6.2790508149652714e-18
1985-08-01,0.011216981346383166,0.01855618260291017,1.1856030441784914e-17,0.035538112401480304,0.0,0.4367441500489769,8.0993481444759e-18,0.014613783013239139,0.48333079058701034,1.7838212542514975e-20
1985-09-01,0.017415207958991864,0.017780397788683684,0.0,0.03588904719420497,2.8561325583623465e-18,0.44172050772860155,0.0,0.01395907081916956,0.47323576851034843,0.0
1985-10-01,0.06568122162508915,0.006092932816302275,3.7480043548602004e-18,0.04385511268473689,2.823886370077267e-18,0.4379567186314522,3.203973845753758e-18,0.007562188152651984,0.43885182608976764,2.0424753361179646e-18
1985-11-01,0.10517635286958688,0.00898509240825673,0.0,0.024187212419606703,6.891894819029622e-18,0.4171569276331505,0.0,0.009783927262631284,0.434710487406768,0.0
1985-12-01,0.09299124587188501,0.0025507793218586595,0.0,0.029019271261108044,0.0,0.42079395484641535,0.0,0.009844029360566128,0.44480071933816684,6.740112200550592e-18
1986-01-01,0.09283055761625014,0.0,0.0,0.03810051940199015,6.255783414277213e-18,0.4177664876640769,9.859551742243367e-19,0.01528379010435436,0.4360186452133284,0.0
1986-02-01,0.11356224031091207,0.027302571676412327,4.461932032379196e-18,0.029644540520745888,1.3099943914418013e-18,0.39883663692773313,0.0,0.0,0.4306540105641967,0.0
1986-03-01,0.07266522431470819,0.013316812545502404,0.0,0.040847506484347866,7.085113922128975e-18,0.40175220307938153,0.0,0.020863325750620963,0.4505549278254391,0.0
1986-04-01,0.06370090992983078,0.016048966117886233,2.457781544515139e-18,0.046730159043342656,0.0,0.41271786263973476,4.4807841706635404e-18,0.008778697166004918,0.4520234051032007,3.995759609523355e-18
1986-05-01,0.07219931172369103,0.007249634422696402,1.6687439814722274e-18,0.050283819721221805,0.0,0.4213515958675661,0.0,0.012270563573227667,0.43664507469159697,0.0
1986-06-01,0.04233419294858489,0.023074211226079517,8.33193924690982e-18,0.03846251759816805,0.0,0.4232492729067712,0.0,0.015838558288404716,0.45704124703199167,5.083890574616768e-19
1986-07-01,0.016839007205323588,0.043336577123043035,6.2720859447760795e-18,0.04633829765517495,0.0,0.42701434752049094,1.95862700952644e-18,0.012755159034319511,0.4537166114616481,4.316847435288624e-18
1986-08-01,0.011979609009072256,0.04073899500267281,0.0,0.042731528343276405,0.0,0.421362037616228,3.6710240001861186e-18,0.013535957561538876,0.46965187246721163,2.7114083064622762e-18
1986-09-01,0.05942037400114625,0.02028289613342839,0.0,0.023047439921284062,0.0,0.4131842031154959,6.798123797889692e-18,0.017178942215830165,0.4668861446128153,7.06393216683593e-18
1986-10-01,0.01682118013327797,0.0463762384502505,0.0,0.052148918851110226,1.249582813852556e-18,0.4284737252032563,0.0,0.0,0.4561799373621051,0.0
1986-11-01,0.0015989181002504162,0.05009001782299387,2.7715929653938187e-18,0.05664335134778152,0.0,0.43428096620907,8.95750083161032e-19,0.0,0.4573867465199043,0.0
1986-12-01,0.005700151826573218,0.045086183477794924,0.0,0.05535874133584703,0.0,0.4326668928338187,6.166328761725975e-19,8.033981221239218e-18,0.4611880305259662,0.0
1987-01-01,0.0,0.05874566403880642,1.699206114838912e-17,0.05757631360776966,0.0,0.42055990857082676,4.1085348400752864e-19,0.0,0.4631181137825972,0.0
1987-02-01,5.6773587022140805e-18,0.024401683357727653,0.0,0.05572506929581847,0.0,0.4614942844016847,0.0,0.0,0.4583789629447692,1.4421630754236455e-18
1987-03-01,1.3367328988093033e-17,0.027423582223916748,0.0,0.05256784479050217,2.2998152016716212e-20,0.4476237824298913,2.324125249363531e-18,0.0108595948519268,0.46152519570376305,7.848813518706591e-19
1987-04-01,4.7027987896721035e-17,0.032027450567590994,0.0,0.05627074888333995,9.182892774054862e-19,0.44934204116160403,2.5582948829949975e-18,0.00851573622970397,0.4538440231577609,0.0
1987-05-01,1.1753195421415666e-17,0.04846344868419253,1.3926680037337294e-18,0.06013009412845114,8.887562131783586e-19,0.45221068236187495,9.532707781076634e-18,4.241079787270017e-18,0.4391957748254814,1.962203379676647e-18
1987-06-01,0.0,0.04788645500394022,0.0,0.060437962608354275,0.0,0.45367210285187703,0.0,0.0,0.43800347953582847,0.0
1987-07-01,3.0736615316326898e-18,0.049912279036449736,0.0,0.05790195993118147,0.0,0.43638986254761314,0.0,0.007850504782800357,0.44794539370195535,0.0
1987-08-01,0.0,0.049529093599620225,0.0,0.05792604393833053,1.7915112187112716e-18,0.4335354246936955,0.0,0.008455043249681568,0.4505543945186722,0.0
1987-09-01,0.0,0.04716928988714511,6.7364635045383634e-18,0.06467725398315696,0.0,0.4352627423048425,2.335361966400113e-18,0.0,0.45289071382485546,7.697188712095212e-18
1987-10-01,0.0,0.0436387475470949,0.0,0.06418346506418632,6.767802491076678e-18,0.44375094121068576,7.426270093212749e-19,0.0,0.4484268461780331,1.7838212542514975e-19
1987-11-01,2.4951655467723955e-17,9.120061457475378e-18,6.001302060791427e-19,0.034432544894799605,0.0,0.42814571729584433,6.893172642459519e-19,0.0,0.5374217378093562,0.0
1987-12-01,8.142393734678963e-18,1.3040464690656398e-17,7.134751370067111e-18,0.020325240362305153,0.0,0.4000915994262705,0.0,0.0,0.5795831602114243,2.056859246584299e-18
1988-01-01,1.2566584685454687e-17,5.647358700317201e-18,5.265292533677671e-18,0.01898043825444315,0.0,0.39810279958246086,2.6026050861632024e-19,0.0,0.582916762163096,1.1416456027209584e-18
1988-02-01,0.0,0.0,3.84777223518813e-19,0.0247855704682738,0.003873923752947152,0.39405961135564765,1.9155935015383945e-18,9.276303926824253e-18,0.5772808944231314,6.03478064356515e-18
1988-03-01,9.616281041679078e-18,1.0783958096680586e-17,2.1278090784341986e-18,0.025197682131531954,0.007416190863025566,0.39426687533141,0.0,0.0,0.5731192516740324,5.5298458881796426e-18
1988-04-01,0.0,0.0,0.0,0.0346073515625763,1.649660233042421e-05,0.3947806462076614,2.1030099307298666e-18,3.629083368601814e-18,0.5705955056274319,0.0
1988-05-01,2.903065784322039e-17,3.742960724925271e-18,9.035852138053507e-18,0.03546804792511723,0.0017497119389197247,0.39481755701904436,0.0,0.0,0.5679646831169187,6.1558011025587735e-18
1988-06-01,2.306418824778146e-18,1.0461192489363945e-17,4.851683977743661e-18,0.03678280676867986,0.00239990239294757,0.3963533180698293,8.636846499892972e-19,0.0,0.5644639727685433,0.0
1988-07-01,3.953536099952523e-17,4.406766555900296e-18,1.0548651272335331e-17,0.04183987971018549,0.0,0.4002247220951305,0.0,0.0,0.557935398194684,3.0860107698550906e-18
1988-08-01,0.0,4.935784173629171e-18,3.138630502657011e-19,0.04302139109006515,2.183655326526718e-18,0.39972342106642317,0.0,9.80185265278107e-19,0.5572551878435116,5.708228013604792e-18
1988-09-01,3.702950275140293e-18,3.2157404242236693e-18,0.0,0.042742390646665886,1.5668328004411339e-18,0.39597546772523734,0.0,0.0,0.5612821416280969,0.0
1988-10-01,0.0,0.0,0.0,0.045806690683849696,1.0558749466334762e-17,0.38811901194776577,7.247782294863224e-18,0.0,0.5660742973683845,0.0
1988-11-01,1.0990275511320129e-17,0.009234122295824255,0.0,0.05164058053136855,0.0,0.3701431335723189,0.0,5.107163096565825e-18,0.5689821636004881,0.0
1988-12-01,0.0,0.006505396768484491,4.3924067022395035e-18,0.0534442736504504,5.6476240862702104e-18,0.3723883810068729,4.611237500370225e-18,2.0755940156622722e-18,0.5676619485741923,0.0
1989-01-01,0.0,0.007333315578336058,5.526779130841131e-18,0.051459379839216404,6.3766489051804125e-18,0.3707658168302724,3.497736949315702e-18,0.0,0.5704414877521751,5.565412676040219e-18
1989-02-01,0.0,0.008499863594302227,5.544937401128815e-18,0.04542070047594583,7.929698234006395e-20,0.3525859699550541,7.498980117025784e-19,2.3972317083422767e-17,0.5934934659746979,0.0
1989-03-01,0.0,0.010149534251979554,2.4545489247595056e-18,0.043951601566355684,1.0248181512485705e-17,0.35084769088175977,9.30824535050059e-18,3.57459754899744e-18,0.595051173299905,0.0
1989-04-01,0.0,0.01327556281452174,0.0,0.043492430940618595,7.029688972774857e-18,0.34568113905410847,7.235213524238548e-18,0.0,0.5975508671907511,0.0
1989-05-01,0.0,0.019182109898342334,0.0,0.03815057165380133,2.3064473132228907e-17,0.3289305381469688,1.8800544136219402e-17,3.564953697703326e-17,0.6137367803008876,0.0
1989-06-01,0.0,0.024060620937651687,0.0,0.040493417082440204,6.982663940669914e-18,0.3258413021693431,8.090312572843908e-18,1.937137656680194e-18,0.6096046598105651,0.0
1989-07-01,0.0,0.022796605018361133,0.0,0.04455393541059513,3.758398746735608e-18,0.32215690737674374,0.0,2.3152135091650786e-17,0.6104925521943001,8.232904406307095e-19
1989-08-01,0.0,0.026842685499190288,0.0,0.04693631322168063,0.0,0.31106297655218434,5.387811076359036e-18,1.9506796706106485e-17,0.6151580247269447,0.0
1989-09-01,0.0,0.031893127584869105,0.0,0.04821863757988469,0.0,0.310224067985258,0.0,0.0,0.6096641668499883,1.6732243364879045e-17
1989-10-01,0.0,0.02813893566294717,0.0,0.04228365504480125,1.3579880473997896e-17,0.3126425296608253,6.688990126747693e-18,0.0,0.6169348796314263,7.419581529402323e-18
1989-11-01,2.0268917688744128e-17,0.037304385843425075,1.0410734093310195e-18,0.03404892696759431,0.0,0.3033318302719214,0.0,0.0,0.6253148569170593,0.0
1989-12-01,1.4868807750520222e-17,1.296655477421869e-17,1.2676924381876917e-18,0.03346557919257309,0.029139714956732825,0.2973963773086455,0.0,0.0,0.6399983285420485,0.0
1990-01-01,0.0,0.0,1.062920083470607e-18,0.026954520188919577,0.03579436837044209,0.29483806229316784,1.0494166547344857e-18,1.9442651839407694e-18,0.6424130491474705,2.9968197071425156e-18
1990-02-01,0.0,2.2162937646690528e-17,1.2668721658972222e-18,0.022089876799568576,0.06128120665057428,0.23990982292855195,6.4150137553853e-19,0.0,0.6767190936213051,0.0
1990-03-01,0.0,0.007569466854673852,5.307764329597117e-18,0.0,0.0667773794239534,0.23078751386927038,1.642488058755069e-18,6.363820765006986e-18,0.6948656398521025,0.0
1990-04-01,1.9882747536980758e-17,2.0674249944914488e-17,1.1529889777401868e-17,0.022844161721049843,0.08257098772665193,0.20850238491644435,0.0,0.0,0.686082465635854,0.0
1990-05-01,2.3426805674948494e-18,0.0,2.6308616725019455e-18,0.019743234861947512,0.06861755802009223,0.1991658288272247,6.4181694015117796e-18,2.8426628791405076e-18,0.7124733782907355,0.0
1990-06-01,1.8605407738957527e-17,0.0,0.0,0.02220808344428379,0.059879319554857584,0.1947861583108304,2.2309513607221226e-18,0.0,0.7231264386900282,6.891014845605863e-18
1990-07-01,0.0,0.0,0.0,0.021511024527508114,0.06286797670135612,0.18013998394576533,1.7611634006390004e-18,0.0,0.7354810148253705,1.2700807330270663e-17
1990-08-01,9.264105205665884e-18,2.1735875096864474e-19,4.2503221959791865e-18,0.02816147199259802,0.05633606230186886,0.1778349445304441,3.152770974963934e-18,4.886325373886448e-18,0.7376675211750889,0.0
1990-09-01,0.0,0.0,0.0,0.04743032299124498,0.042734203000117814,0.1616292548992622,1.38399902432599e-19,2.5478399428804263e-18,0.7482062191093751,0.0
1990-10-01,0.0,0.0,2.791024341084511e-18,0.04556140085022268,0.039719769490827776,0.16562596275972397,5.637208766778265e-18,1.7877287207127727e-18,0.7490928668992255,6.676956295095675e-18
1990-11-01,1.3703723377202729e-17,1.2090879927314077e-17,1.7429647612715048e-18,0.05715174276562759,0.044757318501662244,0.1711835793174334,0.0,0.0,0.7269073594152767,0.0
1990-12-01,1.97489160104775e-18,0.0,5.892039399826795e-18,0.09546470539894032,0.04581489602687059,0.13448910610303638,0.0,0.0,0.7242312924711528,1.2807836605525751e-17
1991-01-01,0.0,0.0,3.3946824624690983e-18,0.10695310245878253,0.04348182297301207,0.12779260990993785,0.0,4.4744355111776824e-18,0.7217724646582676,9.721825835670662e-18
1991-02-01,0.0,2.0251090633426745e-17,0.0,0.11360971002443714,0.06376077985941893,0.0936434336916485,7.796442156064809e-19,0.0,0.7289860764244954,9.248549116907125e-19
1991-03-01,0.0,6.15683079287171e-18,2.4753631340509846e-17,0.1074029878759378,0.06140752219560588,0.09860257808681201,0.0,0.0,0.7325869118416443,6.84987361632575e-18
1991-04-01,0.0,0.0,0.0,0.10517335998716734,0.06357279149879932,0.09604275261932341,9.406315487673673e-19,5.869002671515169e-18,0.7352110958947099,7.545563905483834e-18
1991-05-01,0.0,0.0,6.933542640228735e-19,0.11624163433870136,0.06335536050337025,0.07406750754960752,0.0,1.969959198554863e-17,0.7463354976083209,9.677230304314374e-19
1991-06-01,2.5447252526159818e-17,0.0,9.508022970620695e-18,0.1137573329626742,0.06593588232208984,0.0732065825323146,0.0,0.0,0.7471002021829214,3.460613233247905e-18
1991-07-01,4.668656603733068e-18,8.671301809187847e-18,0.0,0.11691761183895778,0.05489597710751887,0.077365086862368,0.0,5.117956543847658e-18,0.7508213241911554,0.0
1991-08-01,0.0,0.0,0.0,0.12054916849983269,0.05021586063042319,0.07873427393446526,8.499668050611933e-18,2.4372562476823755e-18,0.7505006969352789,0.0
1991-09-01,0.0,1.2158279523385641e-17,0.0,0.1261181752801611,0.05328005261787463,0.07847748931611175,9.470825998345164e-18,0.0,0.7421242827858525,0.0
1991-10-01,0.0,6.30919824791385e-18,0.0,0.15456975523725391,0.056029836311979546,0.0286691411525541,2.9850573386580665e-18,0.0,0.7607312672982126,4.281171010203594e-19
1991-11-01,0.0,0.0,0.0,0.163014502764422,0.054033765984216255,0.029586093204901034,2.667237877147172e-18,0.0,0.7533656380464607,2.0469348892535933e-18
1991-12-01,1.0878664208865492e-17,3.6631789684423014e-18,1.0016717835937795e-17,0.16481133699374625,0.051436797814866604,0.013917177669152021,0.0,0.0,0.7698346875222352,7.706107818366468e-18
1992-01-01,1.0757244896190949e-18,5.432234704770687e-18,6.874109621400079e-18,0.1809656460966623,0.04347768353643188,1.2057209632108331e-17,2.4402521016444865e-18,6.325484864205344e-18,0.7755566703669057,4.001224413718432e-18
1992-02-01,1.6220757182478482e-17,0.0,0.0,0.18624363580858241,0.05302982871853923,0.0,0.0,1.5639678570042424e-17,0.7607265354728784,0.0
1992-03-01,0.0,1.5629442379305834e-17,0.0,0.20207067987433586,0.05487464664211,0.0,5.968973902376707e-18,6.332410787370571e-18,0.7430546734835543,0.0
1992-04-01,4.966958869834111e-18,8.465577156590395e-18,8.19292089468429e-18,0.20250042832592316,0.053626508113402895,0.0,7.123183966510817e-18,0.0,0.743873063560674,1.0274810424488625e-17
1992-05-01,0.0,1.4458777973796663e-17,0.0,0.19305209311621113,0.06062490890485786,0.0,1.9973889759981737e-19,0.0,0.746322997978931,2.2887560096369956e-18
1992-06-01,9.947637185324582e-18,0.0,0.0,0.1892622799040067,0.06444628650890478,0.0,0.0,1.5898919976722253e-17,0.7462914335870885,0.0
1992-07-01,2.2674690895577272e-17,1.330768842686322e-18,1.2997849569982016e-18,0.1947098493532987,0.06072585293868885,0.0,5.6529713200762195e-18,0.0,0.7445642977080126,0.0
1992-08-01,0.0,2.057716497905486e-17,7.82713323071919e-18,0.21045594917167607,0.0543677009394745,0.0,0.0,0.0,0.7351763498888495,6.8855500414107805e-18
1992-09-01,7.919763433549568e-18,0.0,1.942213888599496e-17,0.2019903579998209,0.05901695469962301,1.0096941748429911e-17,0.0,1.8482325975951377e-17,0.738992687300556,7.135285017005989e-19
1992-10-01,0.0,1.243761917818503e-17,1.862798662371258e-17,0.2015832102487368,0.05949058551182338,8.992490647800438e-18,0.0,0.0,0.7389262042394399,9.275870522107788e-18
1992-11-01,4.292851620733782e-19,2.1526966202828284e-17,0.0,0.19137638314225594,0.0776572136928847,6.711804736801664e-18,1.6330765802485591e-18,0.0,0.7309664031648595,0.0
1992-12-01,0.0,0.0,2.7542723117910315e-18,0.19278251919061173,0.07646106686694817,0.0,0.0,0.0,0.7307564139424401,7.189933058956774e-19
1993-01-01,0.0,0.0,1.1134259579043431e-17,0.1916674355852289,0.07601927840865874,0.0,0.0,2.0034293196297304e-17,0.7323132860061125,2.1691266451698207e-17
1993-02-01,1.7909917528143263e-17,0.0,0.0,0.19343314104782372,0.078596918590702,1.7151304286980245e-17,0.0,0.0,0.7279699403614743,0.0
1993-03-01,1.6896599654457387e-17,0.0,4.703382995017825e-18,0.189836591990858,0.08630787387434645,0.0,0.0,1.5157077582307015e-17,0.7238555341347956,1.1523485302464674e-17
1993-04-01,0.0,5.949632395902988e-18,0.0,0.18888099262401556,0.08648267512788263,4.1845045774426095e-19,3.4317177198180926e-18,0.0,0.7246363322481018,0.0
1993-05-01,0.0,0.0,8.819771654462704e-18,0.19780702064905598,0.08642647524606444,0.0,6.339626044794477e-18,1.644727324475856e-17,0.7157665041048796,1.860638908616635e-18
1993-06-01,0.0,8.531647531974761e-18,0.0,0.19698852964185254,0.087296054815237,0.0,5.146954792597167e-19,0.0,0.7157154155429105,0.0
1993-07-01,1.2425190903993818e-17,0.0,0.0,0.19752445482870506,0.08800204134776266,6.777589073766373e-18,1.088197786750195e-18,0.0,0.7144735038235323,1.1249407945017828e-19
1993-08-01,0.0,0.0,7.686811968051267e-18,0.19861423599873076,0.08956809120934688,5.721459211278435e-18,1.9580685656416e-18,0.0,0.7118176727919224,7.34934356751617e-18
1993-09-01,9.855450286075956e-18,0.0,3.424048192804897e-19,0.20327703594365462,0.08500454022678304,0.0,1.493402556697695e-17,2.2226601265062604e-17,0.7117184238295623,1.7558265946029817e-17
1993-10-01,6.3650717349879266e-18,4.643573723057682e-18,7.453206041021095e-18,0.19370178737877328,0.08761466745383019,0.0,0.0,0.0,0.7186835451673966,5.993639414285031e-18
1993-11-01,0.0,1.1057704668444575e-17,1.45416189016349e-17,0.19689201278877153,0.09023511002536766,0.0,0.0,4.264145835277972e-18,0.7128728771858609,0.0
1993-12-01,0.0,0.0,0.0,0.18882788099502568,0.09928171825566999,2.5657247388578368e-17,3.652629165527109e-18,4.838506197644739e-18,0.7118904007493043,0.0
1994-01-01,0.0,2.0166160408230382e-17,2.4484978902570786e-17,0.18273601516180957,0.097195868123795,0.0,1.2985345025176834e-17,0.0,0.7200681167143954,0.0
1994-02-01,1.0991980880840731e-17,9.324138683375338e-18,2.3043958336465183e-18,0.19213192216273722,0.09459788987692555,1.787022344391493e-17,0.0,0.0,0.7132701879603373,0.0
1994-03-01,1.3354497536074344e-17,0.0,5.7108179084670595e-18,0.17471422340246942,0.11035768875558463,2.432017313443306e-17,2.516800865028581e-18,0.0,0.714928087841946,5.142870016439394e-18
1994-04-01,0.0,0.0,1.0011652914002951e-17,0.17577128989225138,0.10993127517199573,1.5090553994858614e-17,1.8126261546867534e-18,1.0087664279132065e-17,0.7142974349357528,1.1769765975983701e-17
1994-05-01,0.0,0.0,3.871215040849597e-18,0.1719429940905181,0.11185132301368689,0.0,0.0,2.070960726565607e-18,0.7162056828957951,3.2822311078227554e-18
1994-06-01,0.0,0.0,0.0,0.18753319868785867,0.11902724685668292,0.0,1.9506055450770184e-18,1.5499633736725946e-18,0.6934395544554586,0.0
1994-07-01,0.0,0.0,8.525422057716958e-18,0.19048367130448893,0.11571760611411294,0.0,0.0,9.750665859400633e-18,0.6937987225813982,6.8498736163257494e-18
1994-08-01,0.0,0.0,0.0,0.20417395876565833,0.11345860198579308,1.3261270986909737e-17,0.0,2.5054672322996308e-18,0.6823674392485487,3.1395254074826357e-18
1994-09-01,0.0,4.252616984238597e-17,0.0,0.22529952226915811,0.1195649240179225,0.0,0.0,7.603163474394243e-19,0.6551355537129193,1.085109803004419e-17
1994-10-01,4.121349863176798e-18,0.0,1.4007111853942456e-17,0.22540491336714488,0.1173111620669249,1.0660563626662938e-17,0.0,0.0,0.6572839245659302,6.2790508149652714e-18
1994-11-01,0.0,0.0,0.0,0.2193860570103486,0.11557419170749798,1.841206978632486e-17,0.0,1.8710777102973275e-18,0.6650397512821534,4.001224413718432e-18
1994-12-01,1.3747428496398962e-19,0.0,2.1036592149976293e-18,0.21350746454200317,0.11585244600837721,0.0,0.0,1.719224753452017e-17,0.6706400894496196,7.711572622561553e-18
1995-01-01,3.6897860640908574e-19,0.0,0.0,0.210967322313151,0.11706591551142632,0.0,1.184893031124619e-17,0.0,0.6719667621754227,0.0
1995-02-01,1.0806574227181066e-17,3.468535556373303e-17,0.0,0.21896844393337986,0.12870368282378217,3.1468836635564743e-17,0.0,0.0,0.6523278732428379,6.155188578227111e-18
1995-03-01,1.0348246472665478e-17,0.0,1.0979684471208237e-17,0.21867310771208331,0.12644249908109456,1.0814537027290082e-17,0.0,2.593640915944747e-17,0.654884393206822,1.3419800636166341e-17
1995-04-01,0.0,5.827333015258771e-18,1.6587502191405954e-17,0.22826231620419019,0.11758998481208538,2.4751912740770464e-17,0.0,0.0,0.6541476989837244,1.0108080069009746e-17
1995-05-01,0.0,0.0,9.269863026180768e-18,0.23191111465623643,0.11283721693170717,0.0,0.0,0.0,0.6552516684120565,4.6807469711559286e-17
1995-06-01,0.0,0.0,4.665624197252941e-18,0.21018155768354463,0.11922290455844613,0.0,0.0,1.8744541326757065e-18,0.6705955377580093,1.817713858082276e-17
1995-07-01,3.745742828976265e-19,0.0,1.0592267910361457e-17,0.21329397863603344,0.11970251576091223,0.0,6.822953161663006e-18,0.0,0.6670035056030543,6.7071679159856305e-18
1995-08-01,0.0,0.0,0.0,0.21081167115085434,0.11199972324914148,2.74152977231923e-18,8.316708106453862e-19,0.0,0.6771886056000042,0.0
1995-09-01,0.0,0.0,7.037904336828053e-19,0.20996170697442101,0.11171393757873706,0.0,1.1753772637276837e-17,7.371130756208465e-19,0.6783243554468421,2.5330261810371262e-18
1995-10-01,1.1267458404530738e-17,1.1504554099879636e-17,9.552856688753625e-18,0.20473898401319038,0.11739736432798888,0.0,2.625285162614315e-19,3.540821799110292e-18,0.6778636516588208,8.553422914135932e-18
1995-11-01,0.0,9.97655785290463e-18,1.007831140886301e-17,0.20689089315222,0.11255131700377041,0.0,2.5714051559608007e-18,7.385033050543546e-19,0.6805577898440096,2.7069487533266475e-18
1995-12-01,0.0,1.7438069528567163e-17,6.086219671722322e-18,0.19624190024429902,0.11973589323398814,3.093811960249312e-17,0.0,0.0,0.6840222065217129,0.0
1996-01-01,0.0,3.019800893685891e-17,0.0,0.17622180534144105,0.13524301077036094,0.0,0.0,0.0,0.6885351838881982,0.0
1996-02-01,1.768101459689786e-17,2.433109925350464e-17,0.0,0.17469604738375047,0.13539964273287994,0.0,3.208184545259551e-18,1.1435819285587196e-17,0.6899043098833696,0.0
1996-03-01,0.0,0.0,0.0,0.1610082998299006,0.14182894018953052,6.03950049900108e-18,0.0,0.0,0.697162759980569,6.564462215645511e-18
1996-04-01,4.307971894813255e-18,3.7276686340031315e-18,0.0,0.16267718270343068,0.13870357032145733,0.0,2.653412869854902e-18,6.431564333484798e-18,0.698619246975112,0.0
1996-05-01,0.0,1.0250439928828137e-17,3.177450228744466e-18,0.16005182946444846,0.1365162975349797,0.0,3.176549845467617e-20,4.224744462821185e-18,0.703431873000572,7.764651327066055e-19
1996-06-01,7.007969680815868e-18,1.6858089084261674e-17,1.9739742479682567e-18,0.16807953320726055,0.13176502013952401,0.0,0.0,1.4944277942413544e-18,0.7001554466532155,0.0
1996-07-01,0.0,1.6094112534398017e-17,0.0,0.16539055629157537,0.13436415543448357,2.7538248377676515e-17,0.0,1.3519925502608178e-17,0.7002452882739411,0.0
1996-08-01,1.3093156730997424e-17,0.0,0.0,0.16867995875445452,0.12799459043755354,0.0,6.580768675215847e-18,2.881328600983435e-18,0.7033254508079919,1.3865755949729221e-17
1996-09-01,1.1006519509497685e-18,1.4408501500734577e-17,0.0,0.21873742017332592,0.11060335582257676,0.0,0.0,0.0,0.6706592240040975,0.0
1996-10-01,0.0,0.0,7.219243337380873e-18,0.177198799452536,0.11527686325142741,0.0,0.0,1.150938209631323e-18,0.7075243372960368,3.8530539091832365e-18
1996-11-01,0.0,0.0027414437626927433,3.1765793473558896e-17,0.15921323107141366,0.11742492215600424,0.0,9.43898613411999e-19,3.699437344036617e-18,0.7206204030098895,0.0
1996-12-01,1.0670353291497814e-17,0.009086884425703816,2.854020948998074e-18,0.15773212371993675,0.10686623247016808,0.0,2.6423610316646284e-18,0.0,0.7263147593841914,1.427057003401199e-19
1997-01-01,1.5618186131365506e-17,0.0065954113412892605,5.761968502292454e-19,0.1575555141621039,0.10892287769254169,0.0,3.3854040525072533e-18,0.0,0.7269261968040652,0.0
1997-02-01,0.0,0.034579769330286655,0.0,0.1669088481072694,0.10074916100871106,0.0,1.693313111065488e-17,1.0879849449668189e-18,0.6977622215537329,0.0
1997-03-01,3.629621569777511e-18,0.047680361226637616,0.0,0.15955230372357915,0.08466264144008735,1.4620463036703918e-17,0.0,1.913097464329686e-18,0.708104693609696,0.0
1997-04-01,3.940435479229633e-20,0.04757793911798361,4.336808689942018e-19,0.18067708931318827,0.07783291284301289,0.0,4.338489912163571e-18,0.0,0.6939120587258153,9.813749562058248e-18
1997-05-01,2.232331914512186e-17,0.03515829611683676,0.00509788727528473,0.17407889137349142,0.07961234062943659,0.0,0.0,4.470247288232307e-18,0.7060525846049505,1.2414584939644207e-19
1997-06-01,0.0,0.04457845399495457,0.0003733631698202726,0.15938995970045072,0.07284214485010806,5.574682674986148e-17,1.1940691376021848e-18,4.3997158166189184e-18,0.7228160782846663,0.0
1997-07-01,0.0,0.049239661974226634,1.7570406277550655e-17,0.17170517137186497,0.06597089269138302,2.0265185391585954e-17,1.0050672864487788e-18,3.2171691571433986e-18,0.7130842739625254,7.63475496819641e-18
1997-08-01,0.0,0.046240722972225194,0.011189518876672884,0.1611839677277388,0.05228098306456804,0.0,0.0,0.0,0.7291048073587952,5.155243424786828e-18
1997-09-01,6.040018234238522e-18,0.057843722299815215,5.014159807947231e-19,0.15890520795915677,0.05419958226888015,0.0,8.552835590869113e-19,0.0,0.7290514874721479,0.0
1997-10-01,0.0,0.053586526644819554,4.805034809642122e-17,0.15635476806552526,0.05927600296041217,0.0,0.0,0.0,0.730782702329243,8.260225811507718e-19
1997-11-01,0.028374533373003802,0.07971184448348524,0.03828821525130818,0.21077917476185498,0.03264037938981877,0.0,0.03427656123689526,2.7183926411411856e-17,0.5759292915036338,1.8712284957098208e-17
1997-12-01,0.06424778274566231,0.0936892260230688,0.0,0.2688366128150297,0.03929099994822526,0.0,0.027709407363994035,9.928837534929969e-18,0.50622597110402,0.0
1998-01-01,0.0647164533367573,0.07876942186316535,0.008667598481209553,0.2908279584288102,0.04864154104844971,2.32117058237828e-17,0.03758516899971653,0.0,0.4707918578418915,0.0
1998-02-01,0.010314589040156077,0.09248438368586206,2.1925199835127776e-17,0.28104732284586614,0.03438847227447452,0.0,0.07731921353919545,0.0013249390674226432,0.5031210795470232,0.0
1998-03-01,0.03102766757130823,0.07667603240038641,5.88684364624496e-18,0.2782776995409299,0.039474078553589954,2.6473235853192905e-17,0.06258304359275403,0.00028242148787953374,0.511679056853152,0.0
1998-04-01,0.024199068174949892,0.07197450239620078,0.0007307827324528411,0.2706070803203993,0.05876032919167136,0.0,0.04749797012060944,0.00910310615327577,0.5171271609104406,1.712468404081438e-18
1998-05-01,0.007981051946638002,0.08462193872999388,0.0,0.2781710085462181,0.055046211497751,0.0,0.044317453662597,0.020492221834473457,0.5093701137823285,1.1773220278059887e-18
1998-06-01,0.027106462500718576,0.09034362749871566,2.7990595127279234e-18,0.26643164181216916,0.045298882248618375,1.093925509645535e-17,0.04922409080362579,0.00886154772639922,0.5127337474097533,2.7587365014935815e-18
1998-07-01,0.025977665375519255,0.09416383238790532,0.0,0.26212441286805394,0.04632612583710804,1.906902327678447e-17,0.05027729536309401,0.005629478624164364,0.5155011895441551,0.0
1998-08-01,0.0,0.10774324257408942,0.0,0.24848422474006912,0.051099282686177486,0.0,0.05311634544315174,0.022745396710603164,0.5168115078459091,0.0
1998-09-01,0.0,0.08107268527869213,0.0,0.21794067513513615,0.06772871458814707,0.0,0.03907557792888283,0.003443616489045021,0.5907387305800968,0.0
1998-10-01,2.4076730940210614e-18,0.10385577993580604,0.03845426634620304,0.18348482131253607,0.012400186901221103,0.0,0.07799696677000673,2.0425588168880655e-17,0.5838079787342271,0.0
1998-11-01,1.8647269679019083e-17,0.10295517970212469,0.028435718231505775,0.18261296360592918,0.014358683542946392,0.0,0.08217813103137017,2.053921740963217e-17,0.5894593238861239,0.0
1998-12-01,2.023576079507907e-17,0.10428468347746073,0.040176862948079727,0.186058999912858,0.00993495163167084,2.1300702239625897e-17,0.07379750678303232,0.0,0.5857469952468984,0.0
1999-01-01,0.0,0.1015036672299224,0.056807124229708794,0.1913656852179039,0.000687830554655633,1.220203087805011e-17,0.06836144757147596,3.889322119041762e-19,0.5812742451963333,3.4338559144341325e-18
1999-02-01,1.245727359957927e-17,0.11360986648999323,0.04233443743489451,0.18323552004659524,0.031044385324800937,0.0,0.058133566808119784,1.2943675194941178e-18,0.5716422238955963,4.5665824108838335e-18
1999-03-01,6.680687395843688e-19,0.11938931695080195,0.045284968477481626,0.18453414346914282,0.012178864573390357,0.0,0.07087829490657664,0.0,0.5677344116226066,3.3000693203652705e-19
1999-04-01,0.0,0.11469542713954137,0.05795066035567144,0.17258651879641623,0.009010817159821242,1.2640393980481208e-18,0.07246569369500216,0.0,0.5732908828535476,0.0
1999-05-01,6.45576245495129e-18,0.110036954975218,0.01082438144548021,0.1391309195794352,0.017669555682781862,0.0,0.09631113941448209,0.046487727438623304,0.5795393214639794,0.0
1999-06-01,5.813412301270586e-18,0.1080462206485036,0.01611078211195075,0.14180704059494872,0.011729546335051574,1.06227872551411e-19,0.1056558208495077,0.04298937486977756,0.5736612145902602,7.848813518706589e-19
1999-07-01,3.3305390238557065e-18,0.09734559797705339,0.021209929938684424,0.1395544967536915,0.01737433479977531,0.0,0.11654313753677778,0.04014688438771106,0.5678256186063065,4.2454945851185645e-18
1999-08-01,9.987402160851005e-18,0.09290454665923716,0.03236298173322976,0.1368933597357594,0.0019269199896085334,1.6387962706317405e-19,0.11939026252947786,0.054357029632666566,0.5621648997200207,0.0
1999-09-01,6.639537589691717e-18,0.09206790339445818,0.03359530294122142,0.13847029112972814,0.0034284133604034414,0.0,0.1094207958690392,0.06330180709693099,0.5597154862082186,9.50890068948374e-19
1999-10-01,9.47499788268507e-19,0.06099558950307183,0.051616970277910235,0.1413868084011556,0.01054021199673905,0.0,0.1470680727672302,0.027908130418556824,0.5604842166353362,0.0
1999-11-01,0.0,0.05804560894462322,0.050834874349630535,0.14013009549981248,0.014952955824942413,0.0,0.1564917216484229,0.016021267906124077,0.5635234758264445,3.710348208843115e-18
1999-12-01,0.0,0.04671899577423733,0.03613379553506247,0.16130241465100253,0.0232915724526695,0.0070662092051019965,0.16708359775777493,0.018623671041108715,0.5397797435830426,5.137405212244312e-18
2000-01-01,0.0,0.040350415301569395,0.047942084830438804,0.16763959314671942,0.016897722737228563,0.017123199030973955,0.16375596922304061,0.012993437507516336,0.533297578222513,0.0
2000-02-01,3.2236034675528153e-19,0.027148731838913306,0.057877555331782043,0.16566264614135634,5.625138529126325e-18,0.055426201459639314,0.16193202517664454,0.021228375844230624,0.5107244642074339,0.0
2000-03-01,0.0,0.006814209087788737,0.05061744434308258,0.15627938523739082,0.05614581149852932,0.04219662870180418,0.1440464168402732,0.013954156331739706,0.5299459479593914,0.0
2000-04-01,0.0,1.1374400116607173e-18,0.0778315843670767,0.12970573233459384,0.07319659675627108,0.0374407747655813,0.0965441930756782,0.040161675274034546,0.5451194434267644,0.0
2000-05-01,4.950428695632317e-18,0.0,0.07232020465545241,0.12944660268923391,0.0797886790696287,0.04853046093077108,0.09555194621374798,0.02619642046964367,0.5481656859715223,5.8509337139449115e-18
2000-06-01,7.219056437499132e-18,0.0,0.056599159899534464,0.12663672597804826,0.0813294567377871,0.05281550007155431,0.10643408899719131,0.03933309377203707,0.5368519745438474,0.0
2000-07-01,2.819377970624735e-18,0.0,0.05427212177110894,0.12349453180995425,0.08830372585966641,0.06657702436112044,0.08900678251895631,0.0522999055258726,0.5260459081533212,2.4973497559520963e-18
2000-08-01,3.5281212686664656e-19,6.308264888894054e-18,0.05336007249884493,0.11685760147766668,0.09209458567662408,0.06273008348462969,0.09285052465459696,0.04697551769514335,0.5351316145124944,0.0
2000-09-01,0.0,0.011142742854496637,0.058135486078879584,0.08171035127662137,0.06369324193490288,0.10771842786341368,0.1296849493909429,0.051065158778781164,0.4968496418219618,8.758562358374852e-18
2000-10-01,0.0,0.010794865650617668,0.08801281072212792,0.07228948182382038,0.06925788647657254,0.0984133163437554,0.13053329450771042,0.042615024667088205,0.48808331980830755,1.2932704093323362e-18
2000-11-01,1.4792478823106507e-18,0.00948015779412289,0.1097165364775585,0.061389716176084824,0.05795537382186989,0.10762070054838646,0.11788863169820592,0.04906892991666307,0.48687995356710856,1.3735423657736511e-18
2000-12-01,1.8782121475486606e-17,5.2168412245638166e-18,0.12492618860035706,0.054044074698805414,0.04802418025625481,0.0698643095556813,0.1462040016894172,0.06111573479378088,0.4958215104057035,0.0
2001-01-01,2.9720972649238647e-18,0.0014762539246548684,0.11045217759214722,0.04829312702486849,0.05824631060332308,0.08287175342321673,0.13968884710733712,0.06117306004279325,0.49779847028165924,4.816317386479043e-18
2001-02-01,0.0,0.02015115388308065,0.08352644720624937,0.04755739189148624,0.06427677267806516,0.10067649907662078,0.15155387773101067,0.047799574672195116,0.484458282861292,1.084563322584911e-17
2001-03-01,0.015722718111447504,0.04099094015611789,0.049079772752800004,0.06316324978040314,0.05603542278217802,0.08647103223872682,0.1575242603074747,0.05949885351763931,0.4715137503532125,6.1798257576975316e-18
2001-04-01,0.007499735052832981,0.0439101010769876,0.029045399772185277,0.0702515567761767,0.048328670375891655,0.0842141296995833,0.18300140881210913,0.058281204795594066,0.47546779363863917,4.531475303735147e-19
2001-05-01,0.032213636541355416,0.042919682987204166,0.025894916701198797,0.06350989641941938,0.03593939060403586,0.09805818486063798,0.17617576757022502,0.05977125319307904,0.4655172711228444,0.0
2001-06-01,0.02765907441373496,0.049541690917783605,0.031161375695204295,0.0580110288117967,0.03380455056558554,0.09155127727048139,0.18051623335359246,0.06315167374638131,0.4646030952254398,0.0
2001-07-01,0.07349882323498386,0.07633286478281523,0.0,0.05106051060554853,0.052958272566742834,0.06921418727295726,0.16369006462741917,0.05552331575160287,0.4577219611579303,1.997879804761677e-17
2001-08-01,0.06556301180862127,0.07512547331907,8.588576548353946e-18,0.05323910380938997,0.045670916862431236,0.06603935082681821,0.17850068712565278,0.06554855557652527,0.4503129006714913,0.0
2001-09-01,0.10927290025125123,0.06200654748981943,0.002433924334309402,0.04882408307413048,0.050837195511364744,0.05978839561402333,0.1609312816681128,0.05123995555932386,0.4546657164976647,0.0
2001-10-01,0.11747462382797362,0.033832552356053036,0.0,0.0745972674927765,0.01868808827055381,0.10989668951524138,0.15037291083813997,0.07655566766261039,0.41858220003665136,1.7838212542514975e-19
2001-11-01,0.11385820854432492,0.03304010101817053,6.168160734313023e-18,0.07560760101314591,0.017888306786019378,0.11063911129028657,0.1525754672660581,0.07850417873189762,0.417887025350097,5.779580863774852e-18
2001-12-01,0.13200403210499428,0.03305463126165983,1.9532448897946306e-18,0.08892853866367254,0.016210092919169295,0.11670538003962974,0.1320314874098738,0.0771445535042112,0.40392128409678935,3.540885189689221e-18
2002-01-01,0.15904958608517528,0.03228316173222405,5.765532263651828e-19,0.06591662125170393,0.010323819130037484,0.11303631306864213,0.13653067680179679,0.1062230906739224,0.3766367312564979,0.0
2002-02-01,0.16641088818296568,0.017553124964926493,0.0,0.06843725742582923,0.008907512021336954,0.10957552043088366,0.14719402945442409,0.10468556175102577,0.3772361057686082,1.396458828026916e-17
2002-03-01,0.16586081086677032,0.011746304036923852,0.001580962278370005,0.07244467643052095,0.006185750102746433,0.11329680304735994,0.14877410757547524,0.1065787424290757,0.37353184323275757,1.7534962929292224e-17
2002-04-01,0.1628371544086624,0.003695534486202305,0.0011335624360533682,0.07872877626115034,0.0,0.12205545665092447,0.15554920070079709,0.12486769577847773,0.3511326192777325,0.0
2002-05-01,0.1863240132600386,0.018767545766435415,0.0,0.07891632506391326,0.0,0.10784403046133668,0.14639545494365871,0.114364607519701,0.3473880229849164,1.685711085267665e-17
2002-06-01,0.20138062622058417,0.021191270354131757,2.7472550275628594e-18,0.08630749788146053,0.0,0.11693379070333507,0.1307435430749307,0.10964965306217357,0.3337936187033843,0.0
2002-07-01,0.2024848544334608,0.0013579923293265616,0.023286726394024727,0.10661646396814531,0.0,0.08979753514253627,0.15153067550517926,0.09985184932070253,0.32507390290662463,2.565970465602093e-18
2002-08-01,0.22243227211171013,0.0,0.03336951675846352,0.10077983824696995,1.4735750459504645e-18,0.08779661233776381,0.11738473340210473,0.13052509736903578,0.3077119297739521,9.275870522107773e-19
2002-09-01,0.21708207506025287,9.58138094631063e-19,0.04130878881321661,0.09852101389066441,2.1575344443970162e-18,0.08743008151003062,0.11477246779568226,0.13422397350978688,0.3066615994203663,0.0
2002-10-01,0.22540397113363325,0.0,0.040661358909428943,0.10907676338202854,0.0,0.08439786038154799,0.10390075699536655,0.1483148325907409,0.2882444566072539,2.5865408186646713e-18
2002-11-01,0.22142965546031168,0.009048122156735665,0.0460697117384259,0.1040205114025913,0.0,0.05940526430471133,0.10640525233730723,0.1552293519739652,0.2983921306259517,5.1195669997017975e-18
2002-12-01,0.22835764572995326,0.0034589337475376906,0.03678261002441056,0.1052908919828957,0.0,0.05425264962549178,0.12370735664810412,0.15143445958816001,0.29671545265344684,1.9622033796766478e-18
2003-01-01,0.23332938638927417,0.0026651652519032332,0.03682639876038494,0.10609314540857837,1.5163274631870507e-18,0.05352988291544307,0.11871469480936765,0.14779880117855734,0.3010425252864913,5.4228166129245524e-18
2003-02-01,0.22986802654576166,0.001708332638236971,0.03462749402464289,0.10814005546871305,0.0,0.052470990367970226,0.1167455922333562,0.15744229432975265,0.2989972143915664,1.3913805783161682e-18
2003-03-01,0.22861629017113105,0.0,0.031224927933727793,0.11690836140731571,2.2910517293239674e-18,0.046675318749490505,0.1242633047741664,0.15912924928257002,0.2931825476815986,0.0
2003-04-01,0.2349450324093405,0.003068645153637293,0.028243574189345668,0.12049851321563938,0.0,0.048976374303211674,0.11870986343507298,0.15645741558659634,0.2891005817071563,0.0
2003-05-01,0.2791568288684916,5.005326027756717e-18,0.0,0.14224300550804717,2.9400371587648363e-19,0.04083436139018569,0.1238909264777285,0.15190966414122675,0.26196521361432035,0.0
2003-06-01,0.24942956007962191,6.053534673121031e-18,0.0,0.13792547688226894,3.6728394330306536e-18,0.03195557019767088,0.15112267024899048,0.17445496747052996,0.25511175512091794,0.0
2003-07-01,0.24996774025178423,2.0240500449260704e-18,0.0,0.1406239410178904,7.547155298865826e-18,0.028923560421980958,0.15262868379323175,0.17636170821771874,0.251494366297394,0.0
2003-08-01,0.2456873955920045,0.0,0.012797649684160693,0.13585795902780423,0.0,0.022278141569669282,0.153812409007135,0.18533929137870261,0.24422715374052376,4.171409594428438e-18
2003-09-01,0.25169665000269814,3.200295471223659e-19,0.01045980330473082,0.13554225165720388,0.0,0.02563751540890654,0.14877861298480483,0.18438828118592468,0.24349688545573095,0.0
2003-10-01,0.2553267049187432,0.0,0.012644173160118635,0.1324608239235606,0.0,0.025179688854928953,0.1461513169580582,0.18260638490726097,0.24563090727732942,0.0
2003-11-01,0.2592293491804185,1.6860237701816293e-19,3.720533316675481e-18,0.13747116021123107,0.0,0.022760311724209316,0.14568328131158279,0.19407344030765775,0.24078245726490055,2.3501845024763483e-18
2003-12-01,0.25017545200859637,1.3606206454386265e-18,0.0,0.1436406568748084,0.0,0.02948389346941846,0.14037040216875218,0.19066385341911912,0.24566574205930555,1.3625662241961377e-17
2004-01-01,0.2476980585136571,7.077968613746496e-19,7.501714409896764e-18,0.12055160791781439,0.0,0.017779520101061087,0.1677630179058921,0.19127163895004887,0.2549361566115265,0.0
2004-02-01,0.24840472962685586,0.0,3.6038850139591905e-18,0.12031274179668032,0.0,0.017572871136157384,0.16801664732477137,0.1905663785430855,0.25512663157244964,1.8747961382183237e-17
2004-03-01,0.24133909888787866,8.215110350583463e-19,0.0,0.12076455302750058,0.0,0.02719416811954736,0.15077053183837455,0.2004037176765943,0.25952793045010464,0.0
2004-04-01,0.2360650428028328,7.971792890841759e-18,0.0,0.11851996333325236,3.804475115987265e-18,0.021716907270125915,0.1564820457697833,0.207805011793669,0.2594110290303366,0.0
2004-05-01,0.23835756130961167,2.5749582323437716e-18,2.8004770260170235e-18,0.12216520867448795,0.0,0.022109976984490198,0.15258836577361598,0.2095869280864981,0.255191959171296,4.6790764903340025e-18
2004-06-01,0.23694081630474806,1.2197543681794772e-17,3.311972586096418e-18,0.1177851504410538,2.927816868577875e-18,0.02001471570945843,0.15781250655693593,0.20351302094709364,0.26393379004071016,0.0
2004-07-01,0.23202009244708507,5.576633264020715e-18,0.0,0.11705462264576712,8.345011343167087e-18,0.013912616661520568,0.16267399928833992,0.20962502679439401,0.26471364216289334,0.0
2004-08-01,0.22111706161933048,1.2109186036808201e-17,1.3864683041695704e-17,0.12495321564228785,0.0,0.022002166961108384,0.15754248573052823,0.19935521779212234,0.2750298522546227,0.0
2004-09-01,0.22431810191957685,0.0,1.674572593930068e-17,0.11966480881551572,5.102675358133235e-18,0.014501972770955008,0.16026155258350636,0.21406519032780313,0.267188373582643,0.0
2004-10-01,0.22243363075392802,4.4191029432425525e-18,1.3055028154634325e-17,0.11944958392745007,0.0,0.01435456808145604,0.16279693024693118,0.21088178001295393,0.27008350697728073,2.5107284153589804e-18
2004-11-01,0.22235443163321353,9.887951719797143e-18,0.0,0.12410866025947437,5.488037241529661e-19,0.013155236837817974,0.1611749218226638,0.2130671677628064,0.2661395816840239,0.0
2004-12-01,0.2195436677849455,0.0,6.5686365265208855e-18,0.12656744830854805,1.0322955279599237e-18,0.013942082954831984,0.16204877346452254,0.2171480777786529,0.26074994970849896,4.4115033021962856e-18
2005-01-01,0.2175806779943028,0.0,0.0,0.1319462132044242,1.2490912935640802e-18,0.010768123522622722,0.167123971796816,0.21281476477992323,0.25976624870191106,1.5251671723850302e-17
2005-02-01,0.21381911765937414,0.0,1.1180076415353152e-17,0.12964205137926282,0.0,0.015201000771154383,0.16072461582653405,0.21394196272432678,0.26667125163934796,8.595286304972153e-18
2005-03-01,0.21960659542529967,0.0,9.875277744457075e-18,0.10680832842563126,0.0,0.012183586334590817,0.17302884701505428,0.21036880324344176,0.2780038395559823,1.0417516124828746e-17
2005-04-01,0.21899597296900952,4.338836861618045e-18,0.0,0.10557676193172459,6.628717214285765e-18,0.011994327145838927,0.17450695365673885,0.21072211551244235,0.2782038687842457,0.0
2005-05-01,0.21562395009111615,0.0,0.0,0.10523639732680504,0.0,0.015161583737438769,0.1663474127379252,0.2183215884985967,0.27930906760811813,2.889790431887426e-18
2005-06-01,0.2214262372258878,0.0,8.639302521180952e-18,0.10456752093433277,0.0,0.016154560454147336,0.1606806841424875,0.2138835423998677,0.2832874548432767,1.2019500951578911e-17
2005-07-01,0.22394217269418257,3.151122729772811e-18,0.0,0.10205858545256026,2.432901106940579e-18,0.016037106066470543,0.16093380812680896,0.21592920299029045,0.2810991246696873,0.0
2005-08-01,0.22654290175388084,0.0,0.0,0.10061823855013916,0.0,0.018237032470563894,0.15667842603677903,0.21758945087627884,0.28033395031235836,2.0241911682618868e-17
2005-09-01,0.2272325672782372,2.188969188207014e-18,5.298476025644481e-18,0.10410261429424618,0.0,0.0174019440941324,0.15469297158868986,0.2179154755010374,0.27865442724365685,1.0761906967331615e-17
2005-10-01,0.23708565519551825,0.0,1.214306433183765e-17,0.09290515900653398,1.2244169083096908e-19,0.019645052430229952,0.14834561700804175,0.21833157568692027,0.2836869406727559,0.0
2005-11-01,0.2422040027846503,0.0,0.0,0.07923203712852922,0.0,0.012691602441898837,0.16807111311698264,0.21611053823094112,0.2816907062969979,0.0
2005-12-01,0.24024242153117825,1.124424804779399e-17,0.0,0.08330040376433842,0.0,0.011872169534936833,0.1680507486881971,0.22190158357446907,0.27463267290688037,0.0
2006-01-01,0.2390440888884712,7.547121931711577e-18,0.0,0.0830905594305058,2.798180349153053e-18,0.012722438066713509,0.16435891699506922,0.2232181132272986,0.2775658833919418,0.0
2006-02-01,0.24119402003676957,2.036086798946213e-18,0.0,0.07678611859724957,0.0,0.014092773754817168,0.16010045022449723,0.22956866280132082,0.2782579745853457,6.856562946029208e-19
2006-03-01,0.2400315353503164,0.0,2.2879762562629745e-18,0.07390835086682589,0.0,0.01552517488896197,0.15980576100201083,0.22968253670042788,0.28104664119145717,4.9010488960559904e-18
2006-04-01,0.24156787052862244,0.0,0.0,0.07627016112609748,5.4673812396453665e-18,0.015637766629995567,0.160274618807223,0.2287629004149009,0.27748668249316055,0.0
2006-05-01,0.24201944558609717,0.0,0.0,0.0756643354994996,2.1898741762184378e-18,0.016078078693037942,0.15833713837724944,0.22858822234307055,0.27931277950104527,6.296889027507786e-18
2006-06-01,0.254513431639766,5.3936341201054024e-18,0.0,0.07124673489815099,2.5403177874024525e-18,0.013433190531658371,0.15745814368832045,0.22665180290247763,0.27669669633962674,0.0
2006-07-01,0.25712060998143305,9.122612971708326e-19,0.0,0.07004683237943314,2.4525943792254943e-18,0.014581103652299268,0.15443458773251845,0.22485521463107136,0.2789616516232448,0.0
2006-08-01,0.23880569610666963,0.0,0.0,0.06454318761229211,0.0,0.012824696888030018,0.17502868854736048,0.22354451056484642,0.2852532202808014,7.241756848119127e-18
2006-09-01,0.22915312413648778,1.186058890828786e-18,0.0,0.06749038907425953,2.231063358833124e-18,0.008860467896060141,0.1817510033903505,0.22808137787102,0.284663637631822,0.0
2006-10-01,0.22285476915004676,5.6963650434134455e-18,0.0,0.06947753980693575,0.0,0.00479354853885261,0.18562976369630166,0.24009143015484294,0.2771529486530203,0.0
2006-11-01,0.22769324563329993,7.730775708153002e-18,0.0,0.06879079393138254,0.0,0.0024957061272973084,0.18489245834404144,0.24148916185044125,0.2746386341135376,3.424936808162875e-18
2006-12-01,0.23042106888599168,2.5008415343907952e-18,0.0,0.0697430541981757,0.0,0.002711784248974348,0.18168268765530224,0.24654499333799246,0.2688964116735636,0.0
2007-01-01,0.2261077576667377,7.982796707872903e-18,0.0,0.06884717520729397,0.0,0.0,0.18723528490744334,0.24967346168179053,0.2681363205367346,0.0
2007-02-01,0.2347320374095418,5.060785613390298e-18,0.0,0.07446974900149318,0.0,5.062485713905445e-18,0.17329530049203573,0.26254567348267444,0.254957239614255,0.0
2007-03-01,0.23326963169384796,2.307445931922245e-18,0.0,0.07106539757765216,0.0,1.0240550363026595e-17,0.17518498284591152,0.26033698430394836,0.26014300357864006,2.7621908035697523e-18
2007-04-01,0.23552240901169333,0.0,0.0,0.05493456949016541,1.0994400306078794e-18,0.002199213633857289,0.17004566984659236,0.27274441675619576,0.2645537212614959,1.1131044626529344e-17
2007-05-01,0.24404056303627855,2.834361922447943e-18,0.0,0.05331728695099817,0.0,0.004338335037273188,0.1685338361585443,0.27005158234917265,0.25971839646773315,0.0
2007-06-01,0.24394765652825975,0.0,0.003721471023044316,0.05445281264907282,0.0,0.0017072659916285246,0.1673653410260907,0.27617630504258733,0.2526291477393165,7.417964277166163e-18
2007-07-01,0.24221201443350374,4.431483827739725e-19,0.01234776243591809,0.05415719189166512,0.0,1.857593107719244e-17,0.16221488786166785,0.2891561372517946,0.23991200612545055,0.0
2007-08-01,0.23299698369845237,2.679955661910145e-19,0.03989646130628055,0.055477625237864085,0.0,4.9531143901642315e-18,0.15012910508474123,0.286381572709909,0.23511825196275268,4.9288114659292185e-18
2007-09-01,0.24859877543387632,5.783730219019808e-19,0.0723571696589681,0.04107462745505872,0.0,8.85552331282404e-18,0.12283241057221893,0.28586802316031773,0.2292689937195601,1.1813356256280542e-17
2007-10-01,0.24916682607469623,0.0,0.0542219881907767,0.043187682742683156,2.3421780572691213e-18,0.0,0.137166695748759,0.29016116161124433,0.22609564563184062,1.2571480289337428e-17
2007-11-01,0.25257156540925674,0.0,0.06514567685761583,0.042736190928962824,1.161514710560761e-18,5.204170427930421e-18,0.1311966556247924,0.28823142567936744,0.22011848550000482,5.853666377619931e-18
2007-12-01,0.26319012741690895,3.8824725792871025e-18,0.0646213755860678,0.024305555455608724,8.150348565308923e-19,0.007836616117461765,0.1268788693585131,0.2798227403664322,0.23334471569900755,0.0
2008-01-01,0.26639731834855784,0.0,0.06056458844076028,0.02129736604073802,0.0,0.015367320447500237,0.11848129950454982,0.2735602046272944,0.2443319025905995,6.145264220896409e-18
2008-02-01,0.2734477986472401,3.820767410939877e-18,0.021061036392395788,0.026131916047024046,0.0,0.005134795045713332,0.15754214695161803,0.2752897836516915,0.2413925232643173,0.0
2008-03-01,0.27160492505921036,7.884890230010279e-19,0.015823053538344956,0.03950668114120257,3.397151439014905e-18,0.0,0.16961803375503082,0.2796966571181705,0.2237506493880409,0.0
2008-04-01,0.27535997697757386,0.0,0.008376978247986808,0.03677869603489368,0.0,0.001358277092743664,0.1767829493235074,0.27198282327351586,0.2293602990497788,0.0
2008-05-01,0.2953560338468447,2.2643800555901457e-18,0.006033741313650701,0.029685343839417934,2.3930391243526324e-18,0.0043589696525865715,0.16904102780043284,0.2663888613371748,0.22913602220989224,0.0
2008-06-01,0.28917506698190537,0.0,0.007875798300026235,0.030867359223973087,0.0,0.001405167037947173,0.17136468409722017,0.2708090132856387,0.22850291107328924,1.409218790858683e-18
2008-07-01,0.2701626868647575,0.0,5.0439273752833645e-18,0.034227302249185916,2.813966734281966e-18,6.5849411505810286e-18,0.17399813107937004,0.28641070108227346,0.23520117872441318,0.0
2008-08-01,0.272810907692124,0.0,2.1791304767397575e-18,0.036960932687978496,0.0,6.118423342334514e-18,0.1734045595889001,0.2776416145125183,0.23918198551847908,3.374989813043833e-17
2008-09-01,0.3218636855709122,3.4271447574966347e-19,0.0,0.07579087425886966,0.0,0.0,0.16786861161788186,0.2982187625339872,0.13625806601834908,5.140137875919334e-18
2008-10-01,0.3186687683472407,0.0,0.0,0.0831696688592946,0.0,8.309493997742135e-18,0.15222915407697568,0.333204723526479,0.11272768519001011,3.1903079045901118e-18
2008-11-01,0.3496009762100497,0.0,4.3858727479642725e-18,0.055890582222630894,0.0,5.098919788137923e-18,0.14618416331917328,0.3380017689899098,0.11032250925823618,1.1207862280894491e-17
2008-12-01,0.35907906170725407,0.0,0.0,0.049563224386116024,7.125822429931715e-20,0.0,0.1485276342917032,0.3269590266528725,0.11587105296205419,4.4684722419000015e-18
2009-01-01,0.34671277397133965,9.897290821965116e-18,4.9405049665288836e-18,0.04441241748251191,5.930366183903986e-19,8.453077877085216e-18,0.15911453560041208,0.32168816193919947,0.12807211100653682,0.0
2009-02-01,0.34600979984662655,0.0,0.0,0.04278221523055385,0.0,1.8299623405701396e-18,0.1473463900426354,0.32408309252950707,0.1397785023506772,0.0
2009-03-01,0.36787711014659175,0.0,1.633228053274909e-17,0.03262775444696706,7.341114235323449e-18,0.0,0.17098591407901212,0.2997979894153089,0.1287112319121202,7.768541562265271e-18
2009-04-01,0.37303071822246275,2.9062391271783723e-18,2.8888060977113903e-18,0.03751921777228909,3.474465034696671e-17,0.0,0.15842047784534977,0.2932239508290179,0.1378056353308805,8.773668430397304e-18
2009-05-01,0.3716558228940313,0.0,4.7717152976328494e-18,0.04261836134064754,0.0,5.964633204319904e-17,0.1475648943262744,0.2989181875172606,0.139242733921786,0.0
2009-06-01,0.34873368366531676,0.0,1.8127026994765284e-18,0.02780885666448014,0.0,0.0,0.1707257599331909,0.294534994702186,0.15819670503482613,0.0
2009-07-01,0.34090207863300526,3.1712437618290047e-18,1.3445636356619748e-17,0.03455231393799573,0.0,0.0,0.1784750470800101,0.301268697801621,0.14480186254736785,1.45614462388873e-17
2009-08-01,0.32403750240949747,5.0008798429239046e-18,0.0,0.030961700907127885,1.0643589120150105e-18,7.559583087767677e-18,0.18401063004777135,0.3092471828054353,0.15174298383016804,0.0
2009-09-01,0.3393202098707176,9.489013651510334e-20,0.0,0.02876441201456325,8.216069805813352e-18,0.0,0.18333785310159487,0.2971210384137496,0.15145648659937486,0.0
2009-10-01,0.3619631412244885,8.187665527119347e-18,0.0,0.02910123779260222,5.413153483095197e-18,8.235141053045423e-18,0.1596865813678324,0.3037390681466606,0.14550997146841638,0.0
2009-11-01,0.3685059588576932,0.0,2.348009146461144e-17,0.022292816458049182,0.0,0.0,0.15065208688789708,0.32839397097331646,0.1301551668230441,1.7980918242855095e-17
2009-12-01,0.39042259260454293,0.0,7.949652693517619e-18,0.022277040885266074,0.0,0.0,0.14515950425647717,0.3070856850242165,0.13505517722949725,2.249734919700244e-18
2010-01-01,0.4010151848087557,1.6401669456994668e-17,0.0,0.027233297140316852,0.0,0.0,0.12878975161058442,0.31722658991375546,0.1257351765265876,0.0
2010-02-01,0.40580819088299513,1.427441873209724e-19,0.0,0.02518742037483853,2.9685667025326772e-18,0.0,0.13148714041296627,0.31580641234128015,0.1217108359879199,0.0
2010-03-01,0.4264763889476612,0.0,1.7949859506766363e-17,0.02126878361338776,1.4598906568062114e-19,0.0,0.12318252262709721,0.29669083032490695,0.13238147448694684,1.8129088747390296e-17
2010-04-01,0.42718168075511553,1.71321455298977e-17,0.0,0.03198639506612885,6.3274871863087634e-18,0.0,0.14539864652428272,0.265698765643019,0.12973451201145403,0.0
2010-05-01,0.41762831676377776,5.743187483257245e-18,3.5123292140670564e-17,0.03675940290296274,0.0,0.0,0.15277843423406842,0.26866645686834073,0.12416738923085027,1.1992743632765141e-17
2010-06-01,0.4633765659021934,1.1171818367297236e-17,0.0,0.030296064554076116,1.44354231204692e-17,0.0,0.12893595242458783,0.2521546151714238,0.12523680194771894,0.0
2010-07-01,0.47081694789893835,1.2889487997413803e-17,0.0,0.020683426473144393,0.0,0.0,0.1102885209558537,0.27487672024603976,0.12333438442602394,0.0
2010-08-01,0.4351444017219246,1.8811012754652174e-17,0.0,0.02618641011005259,3.72192496313718e-17,0.0,0.11566307042760994,0.3133332332526344,0.10967288448777845,0.0
2010-09-01,0.42493773643851007,1.2981479850330205e-17,0.0,0.02287705512673199,2.5692101160705622e-17,0.0,0.11230326316146265,0.31761975112795143,0.12226219414534394,0.0
2010-10-01,0.4488137692113185,0.0,1.5858146109507023e-17,0.005372755247262594,0.0,0.0,0.08690071300418423,0.2973224166735576,0.16159034586367718,3.1609312625336536e-17
2010-11-01,0.4832476369332741,0.0,0.0,9.432558900623889e-18,8.799562962858229e-18,0.0,0.07434981485012376,0.29153601533035495,0.15086653288624718,1.4543797433110781e-19
2010-12-01,0.4897831521408551,0.0,2.0950746181019046e-17,2.435287645681514e-17,4.852680965274364e-18,9.018489615169383e-18,0.07052652160725051,0.2810612619355513,0.15862906431634316,0.0
2011-01-01,0.49001364808220443,0.0,0.0,3.51161124908546e-18,0.0,0.0,0.08033760601638862,0.26925630184422955,0.16039244405717742,0.0
2011-02-01,0.4594531078091533,0.0,1.876173228911552e-17,0.0,0.0,5.727070214821443e-17,0.04015434773647539,0.3036760731678589,0.19671647128651243,5.722498583638804e-17
2011-03-01,0.4411574970968835,0.0,0.0,3.534281520873993e-17,3.233526040409116e-17,1.2842223619917712e-17,0.04411679954750289,0.3200054301109229,0.19472027324469057,0.0
2011-04-01,0.44497000016193367,1.3822997872246615e-17,0.0,0.0,0.0,3.08833498273474e-17,0.03784803297741973,0.34627846464928314,0.17090350221136363,0.0
2011-05-01,0.431727049921333,0.0,0.0,1.7346104523370915e-17,0.0,0.0,0.04481695390521469,0.34184000496709444,0.18161599120635807,0.0
2011-06-01,0.4365770614478477,0.0,1.5444895721530796e-17,0.0,3.798821918330887e-17,1.829876908457845e-18,0.04391970346059689,0.34173751688496123,0.17776571820659418,0.0
2011-07-01,0.4211696240205055,3.7024178271516826e-17,0.0,0.0,0.0,0.0,0.04486673063813766,0.34227215463821853,0.1916914907031384,3.5391013684349704e-17
2011-08-01,0.4301703542464305,0.0,0.0,1.9128818443615583e-16,3.032946666292978e-17,0.0,0.04358260314176023,0.33176179926300947,0.19448524334879944,0.0
2011-09-01,0.42446777043136713,0.0,0.0,0.0,7.369568186771216e-18,0.0,0.04721593309610118,0.3320512839863018,0.19626501248622993,0.0
2011-10-01,0.3919270430641223,0.0,0.0,2.7526518113187586e-17,0.0,0.0,0.07098580251575998,0.31602884962118993,0.22105830479892782,8.702315580227245e-18
2011-11-01,0.4159990041074951,0.0,0.0,0.0,0.0,9.847919352390423e-18,0.05366895068014246,0.3046199715756881,0.22571207363667442,0.0
2011-12-01,0.3924786191263657,0.0,0.0,4.763935177452573e-17,4.854168816455857e-17,0.0,0.0706135310790997,0.3274280420274062,0.20947980776712832,8.56780682460227e-18
2012-01-01,0.3964011193809395,1.3931961972932416e-17,0.0,0.0,3.4626377897502696e-18,0.0,0.07335257034714605,0.32045842534447605,0.2097878849274383,5.455038735933408e-18
2012-02-01,0.3881167285564815,1.5095627657628457e-17,3.849928571928501e-18,3.195391401940008e-17,0.0,5.403466594791631e-17,0.06827172232823836,0.32513434137600766,0.21847720773927246,0.0
2012-03-01,0.38701349620837705,0.0,1.910380681097035e-17,0.0,7.197554576310623e-17,5.196183113502732e-17,0.06655790447558547,0.3273827084456533,0.219045890870384,5.56448602264182e-17
2012-04-01,0.3866642446968189,0.0,0.0,0.0,2.374312132481715e-17,1.4334509878783925e-17,0.058512034863957736,0.30805894030549585,0.24676478013372757,0.0
2012-05-01,0.35185799924326755,0.0,0.0,2.3768027679453545e-17,3.294135208647118e-17,1.757390378130758e-17,0.06357172211697132,0.33497265932504217,0.249597619314719,1.7124684040814376e-18
2012-06-01,0.31928901962640466,2.9805939431639524e-17,9.09924070174232e-18,0.0,0.0,7.272556340562205e-18,0.06790600777983548,0.3362506200027925,0.2765543525909674,0.0
2012-07-01,0.31046035452743315,0.0,2.670357913660427e-17,0.0,0.0,2.2662089686051985e-18,0.06375263838760097,0.3502485083694135,0.27553849871555225,4.572047215078917e-18
2012-08-01,0.27454453857299077,0.0,0.0,2.1894150002160112e-18,1.994825514886807e-18,0.0,0.10984072562655928,0.2843186076706107,0.33129612812983944,0.0
2012-09-01,0.2745991793016973,0.0,4.029591113820509e-17,6.8844198771781654e-18,3.694615437680259e-18,5.1529948763157355e-18,0.11278492421747355,0.2837239328721428,0.3288919636086862,2.797578207085856e-17
2012-10-01,0.2702765364367034,0.0,3.105928610542104e-17,0.0,2.714827196432958e-17,0.0,0.12415310415918376,0.2514939102996659,0.354076449104447,2.5282211976938807e-17
2012-11-01,0.2730143596620572,0.0,3.186481225142926e-17,0.0,3.129774761567225e-17,7.160537110765063e-18,0.12592485795827596,0.25599801504670877,0.34506276733295804,1.4841392835372458e-17
2012-12-01,0.27017414017844854,1.562213291957521e-17,3.792175700131877e-17,0.0,0.0,0.0,0.12671066719923021,0.26023123953875926,0.3428839530835621,2.797031726666348e-17
2013-01-01,0.26311712204100035,3.624310317343937e-18,3.437320439451399e-17,0.0,0.0,0.0,0.1348700154352344,0.26632348593835037,0.33568937658541487,4.001224413718432e-18
2013-02-01,0.2988788838047282,1.0616232204979257e-17,7.703369434902266e-18,0.0,0.0,0.0,0.1517726391503654,0.20393703069423644,0.34541144635067006,0.0
2013-03-01,0.29939283287780744,0.0,1.3789759424844221e-17,2.5590021963616976e-17,3.633774218186352e-17,1.789310584391892e-18,0.14930533006473318,0.19985969613787136,0.35144214091958786,6.783985570350767e-18
2013-04-01,0.28591151869497794,0.0,0.0,5.456778345444828e-18,1.459066061831938e-17,1.5588199787950323e-17,0.15869822687497137,0.1988427030956604,0.35654755133439026,0.0
2013-05-01,0.26000792767216346,0.0,0.0,0.0,3.035963663759342e-17,0.0,0.17885157130773197,0.19807167514112867,0.36306882587897593,3.9534943798408267e-17
2013-06-01,0.3005733871651555,0.0,3.311881126362034e-18,2.4005233463488304e-18,1.4547929918527065e-17,0.0,0.16756856876607998,0.17229554617565296,0.3595624978931116,0.0
2013-07-01,0.2968092384076155,0.0,1.8311915978784418e-17,0.0,5.2410439621994055e-17,1.816966991166875e-17,0.16863703829889912,0.1759341153044797,0.35861960798900555,3.8536003896027433e-17
2013-08-01,0.34099763942206585,5.470794746297849e-18,5.312075142395894e-18,4.933898240646179e-18,0.0,4.037796680134829e-17,0.15447041396706618,0.13379138896943657,0.37074055764143155,1.484139283537246e-17
2013-09-01,0.3431409515640243,0.0,0.0,0.0,3.173716523039132e-17,0.0,0.15460578378223433,0.13434562865887897,0.3679076359948624,3.539101368434971e-17
2013-10-01,0.35091124477455254,4.382331528136044e-18,0.0,6.656853064291502e-18,0.0,0.0,0.1504267275629954,0.12838167968366657,0.3702803479787855,8.858683029477598e-18
2013-11-01,0.36260938351917055,2.3296979104428875e-17,2.3975200421459462e-18,8.767654571206466e-18,3.093010971288547e-17,5.425081780844847e-17,0.16406880046443933,0.10946139444299999,0.3638604215733901,8.562342020407188e-19
2013-12-01,0.36915264692573163,0.0,0.0,1.9018301321392513e-17,0.0,1.6276349821633074e-17,0.16191359707889716,0.10720357354340866,0.36173018245196265,5.57098711745975e-18
2014-01-01,0.37257018720471724,2.0111381133458885e-17,6.06887932985764e-17,0.0,0.0,8.893276323104274e-17,0.14148569896454685,0.12030287860480546,0.36564123522593045,3.453477948230899e-17
2014-02-01,0.33682935930218494,5.41370491313856e-18,0.0,0.0,0.0,8.901121740605598e-17,0.13151044736809922,0.15075423322691536,0.3809059601028006,0.0
2014-03-01,0.35477461059554505,2.5338031250332976e-17,3.4325394047590407e-18,7.401981159726137e-20,0.0,0.0,0.13680342692723216,0.12658577581390343,0.38183618666331937,5.303413929322033e-18
2014-04-01,0.34796931133155073,0.0,0.0,1.67080193497339e-17,0.0,1.3832825425048404e-18,0.13508803877748216,0.1384717242544824,0.37847092563648477,0.0
2014-05-01,0.33576245485192857,0.0,0.0,0.0,0.0,8.733237019278003e-17,0.1448830337828097,0.13429200656912263,0.38506250479613924,0.0
2014-06-01,0.3385629898480302,0.0,1.3997729319388183e-17,2.0425889985602232e-17,3.4004042325589094e-17,2.9221485624884716e-17,0.14426038069717104,0.13317819697364044,0.3839984324811583,2.181713919055527e-17
2014-07-01,0.34987922057918447,6.42605398303916e-18,1.387991651359476e-17,0.0,0.0,0.0,0.1449551504765194,0.12735797675374624,0.37780765219055,5.071517166269337e-18
2014-08-01,0.3701976279517579,0.0,2.9035688401188917e-17,0.0,2.1577030740663358e-17,0.0,0.13539826436875774,0.16174659966878627,0.3326575080106983,3.053901987278564e-17
2014-09-01,0.3659600636527767,2.018185417524579e-17,2.0771603633935714e-18,0.0,0.0,0.0,0.13659877602515424,0.16188551835213955,0.3355556419699297,0.0
2014-10-01,0.3887194812626885,1.962009759571343e-18,0.0,1.1866385607325252e-17,0.0,0.0,0.12465384103969003,0.16393398247813118,0.3226926952194905,0.0
2014-11-01,0.4124630872811712,1.650820111054389e-17,9.236332237167545e-18,0.0,0.0,5.019158322495551e-17,0.13314045250236248,0.13748829336324697,0.31690816685321926,1.1701867427889823e-17
2014-12-01,0.4156132466567178,0.0,1.7742335969506972e-17,7.176594352986231e-19,5.823443006059674e-17,8.908675788350411e-17,0.12693011569680926,0.12693239864456773,0.3305242390019051,3.14499021167772e-18
2015-01-01,0.4142977186027713,1.279960157657477e-17,3.346566738202821e-17,0.0,0.0,0.0,0.12420320723229643,0.1346897514615601,0.3268093227033724,0.0
2015-02-01,0.410256332991702,2.3037557103561492e-18,6.072058438339695e-18,0.0,4.115946541400888e-18,0.0,0.1220867988537451,0.14350722136302838,0.3241496467915245,8.567806824602269e-18
2015-03-01,0.4014111759316367,0.0,1.45848811999256e-17,5.129002556500454e-18,0.0,4.081698096582761e-17,0.12183130646735778,0.14410704730688462,0.33265047029412087,3.995759609523355e-18
2015-04-01,0.39135168015714183,0.0,4.778914667119177e-18,4.149599359381977e-18,2.1477316520717433e-17,0.0,0.12439305307729606,0.15113693472377304,0.3331183320417891,8.567806824602264e-18
2015-05-01,0.400608679790664,0.0,0.0,2.4794760085983855e-17,3.136961397354199e-17,0.0,0.12398383766660163,0.14399416720976843,0.331413315332966,0.0
2015-06-01,0.3940228005169114,1.1689292865221806e-17,1.3142868917789456e-17,0.0,0.0,0.0,0.13575507186174168,0.1363736404732207,0.33384848714812626,0.0
2015-07-01,0.38907457709693605,9.087842608501715e-18,3.707368852092569e-17,1.0411382348291469e-17,1.761596311046225e-18,7.231678517084476e-17,0.13869687809254716,0.14640790378611226,0.32582064102440433,1.5703091841608263e-17
2015-08-01,0.36889171074221005,0.0,1.424150763393238e-18,1.797448737893635e-17,1.906358368727481e-17,0.0,0.14570387323179554,0.1534444109206285,0.33196000510536605,0.0
2015-09-01,0.38120156864831845,0.0,0.0,0.0,2.0495593298761873e-17,0.0,0.1626155081956349,0.11518066204699441,0.3410022611090523,1.113305512864825e-17
2015-10-01,0.39230194918503986,0.0,2.2146323360621446e-18,0.0,5.861492099556639e-18,2.55163516563697e-17,0.1672118154409645,0.0927342254540631,0.34775200991993266,1.2420860733785499e-17
2015-11-01,0.3641925580838976,6.235412491419354e-18,0.0,0.0,1.685056160307667e-17,0.0,0.1624249525215032,0.09258406380051541,0.3807984255940839,1.1166721051614375e-17
2015-12-01,0.36066722502504983,2.441535724248369e-17,0.0,1.3052681357628375e-17,0.0,1.2699769804181236e-17,0.16684786781654723,0.09710524384711482,0.37537966331128814,0.0
2016-01-01,0.366318903844964,3.518789476634418e-17,0.0,0.0,0.0,3.0879327922945377e-17,0.1660238210963488,0.09614177713443618,0.37151549792425087,0.0
2016-02-01,0.36432420422075545,1.8563465467351792e-17,0.0,9.74906423160292e-19,2.5593020371415402e-18,6.500923503748011e-17,0.16913379442910512,0.08766076848532918,0.37888123286481035,0.0
2016-03-01,0.36421849380896315,1.892423639468918e-17,0.0,0.0,5.744549425347307e-18,5.12067876487517e-17,0.16925160251458102,0.08755939381739736,0.3789705098590586,0.0
2016-04-01,0.3756760115180698,1.0635911887005147e-17,0.0,2.4904976415855878e-17,8.208453499552783e-18,3.059620844552989e-17,0.15703996897188785,0.09942777002779501,0.36785624948224743,0.0
2016-05-01,0.37379556595336716,0.0,8.64295210723729e-18,0.0,0.0,1.115985457108192e-16,0.15589875793265107,0.10403150322647368,0.36627417288750813,3.424936808162875e-18
2016-06-01,0.3731504449409931,1.326725407074598e-17,0.0,0.0,0.0,4.2778026189854483e-17,0.1573724765545367,0.10434159831909574,0.36513548018537456,2.854114006802397e-18
2016-07-01,0.3582767436984127,2.2544296476202794e-17,2.3374258274249327e-22,0.0,0.0,5.189289023354482e-17,0.1647385704036286,0.12319176442575155,0.3537929214722071,0.0
2016-08-01,0.3792376753087992,0.0,4.37975504722816e-18,0.0,0.0,5.55060359418667e-17,0.14109669521472698,0.1268492076775442,0.3528164217989297,1.1471104069160384e-18
2016-09-01,0.39508429609001294,4.8033235637482544e-17,1.5689201649276365e-17,0.0,0.0,2.1071056214053067e-18,0.1415484723701247,0.1177527394848872,0.3456144920549752,3.1449902116777146e-18
2016-10-01,0.39404268757359373,0.0,0.0,1.862284049433607e-17,1.0271152852118749e-17,7.677111977566557e-17,0.13528102966964098,0.12054669654588872,0.3501295862108766,0.0
2016-11-01,0.40194922345697437,0.0,1.8173247062291894e-17,0.0,0.0,1.7168879283591406e-16,0.14115174815737203,0.09613105430600227,0.36076797407965144,2.2832912054419167e-18
2016-12-01,0.37460823551884787,0.0,0.0,3.196946786925077e-17,4.2966313769813175e-17,0.0,0.15383060052736675,0.10769186890502838,0.36386929504875715,0.0
2017-01-01,0.3675391347190992,1.0788032556003831e-18,0.0,6.594596497224038e-18,1.5011995372635289e-18,3.208438174348797e-17,0.15964793521465323,0.11014646762901333,0.3626664624372344,0.0
2017-02-01,0.3651064702259474,0.0,0.0,0.0,0.0,0.0,0.1616797685794481,0.11109805245678554,0.36211570873781923,5.708228013604792e-18
2017-03-01,0.3684133021520555,0.0,4.0166830641584234e-17,5.908549156604902e-18,0.0,0.0,0.17030494380612796,0.09937665886151893,0.3619050951802977,4.224088730067546e-17
2017-04-01,0.3708189926157161,1.6377222040011276e-17,1.10088790727148e-17,0.0,8.380287176648416e-18,0.0,0.16924104068807225,0.09398094068434655,0.36595902601186525,0.0
2017-05-01,0.37011900892263633,0.0,3.563069932264102e-18,1.734882276264069e-17,0.0,5.3900866734458306e-17,0.15817404130846432,0.10654258005762762,0.36516436971127175,1.5412215636732937e-17
2017-06-01,0.3684457952971902,0.0,0.0,6.142905763393801e-19,3.779312622526327e-18,0.0,0.15809394472563837,0.10983017140592088,0.3636300885712507,0.0
2017-07-01,0.3494808817047536,0.0,6.482380466019962e-17,0.0,0.0,0.0,0.15070500520574148,0.12893013052707078,0.37088398256243427,2.916101795387635e-17
2017-08-01,0.3480350384435587,0.0,7.325262259747943e-18,1.368152915194157e-17,0.0,1.7811540195083772e-18,0.1581792690944656,0.12654677938754225,0.3672389130744334,1.6844737444329217e-17
2017-09-01,0.3448327282919339,0.0,1.6011637530047716e-17,2.0316555554602777e-17,2.7360409320472578e-17,3.098544509190766e-17,0.15650139253516326,0.12953848302831175,0.369127396144591,1.5363530873029286e-19
2017-10-01,0.3536137700322992,0.0,0.0,0.0,0.0,5.021462393779236e-17,0.14639091728285916,0.13369025049224262,0.36630506219259895,0.0
2017-11-01,0.3491230036608808,2.519817904257998e-17,0.0,2.8452767012969966e-17,5.049806437097416e-18,0.0,0.1420470271329747,0.13259130809917846,0.3762386611069661,0.0
2017-12-01,0.3471841176029413,0.0,0.0,0.0,0.0,0.0,0.1335017851609329,0.13963230454813266,0.3796817926879933,1.1416456027209584e-18
2018-01-01,0.35419599192365575,0.0,1.7821871831275025e-17,0.0,0.0,6.682644184520404e-17,0.13817169455672196,0.14114184753086942,0.3664904659887528,1.4061976287696885e-17
2018-02-01,0.38521346497121317,0.0,0.0,1.490959035877883e-17,6.566068760099287e-18,4.7759285377688175e-18,0.09551493862074249,0.1457760260158417,0.3734955703922026,1.0280275228683702e-17
2018-03-01,0.33849846439922227,0.0,0.0,5.564903715310442e-18,0.0,6.353977900821999e-17,0.11695987426956811,0.15463635333137124,0.3899053079998384,1.4243248628811322e-18
2018-04-01,0.3373126901555781,0.0,1.6438807963383106e-17,0.0,0.0,9.282540692389813e-18,0.11567196589571171,0.15456325206099442,0.39245209188771596,5.708228013604793e-18
2018-05-01,0.30484410492383507,6.943032924341344e-18,0.0,0.0,1.704357528933079e-18,0.0,0.13285651193578338,0.1527491214272137,0.40955026171316805,7.420696417686229e-18
2018-06-01,0.3087752583946302,1.755596411595113e-18,1.9555333591226218e-17,6.605028003736203e-19,5.9396164885448545e-18,2.7261405589315493e-17,0.12899669082231832,0.15120079619596605,0.4110272545870854,0.0
2018-07-01,0.33015508802130167,2.3013329458820725e-17,1.0572793710014521e-17,1.1008323621698746e-19,1.490349732048584e-17,0.0,0.14681962776468635,0.13608491595779215,0.3869403682562198,0.0
2018-08-01,0.3195845571223284,2.3026359592528263e-17,4.273452268950342e-18,0.0,7.430236954549592e-18,0.0,0.15662318491512342,0.11745072276746195,0.4063415351950862,0.0
2018-09-01,0.3286569429226043,1.0197903879851767e-18,2.54012089795901e-17,0.0,0.0,7.695177474658393e-17,0.15159913229191188,0.11566355880154118,0.4040803659839426,7.706107818366468e-18
2018-10-01,0.24969110347356743,1.2294839457872038e-17,8.17206377175214e-18,2.231725556065306e-18,9.230518586543763e-19,0.0,0.17255390059869705,0.11351759310546612,0.4642374028222694,3.8006726758790137e-19
2018-11-01,0.2975320329493819,0.0,3.197038109380148e-18,0.0,4.2380231983768275e-18,0.0,0.1990143104168546,0.05684144982785332,0.4466122068059101,7.426161221881311e-18
2018-12-01,0.3103931281544121,0.0,1.3157163027895082e-17,0.0,1.5977705742666597e-17,0.0,0.20767749229350366,0.06124042741759479,0.4206889521344894,4.851993811564073e-18
2019-01-01,0.25309719631209404,6.950706004414613e-18,5.992240017938625e-18,0.0,0.0,1.1505645026154976e-17,0.21980332386268955,0.06219255097624295,0.4649069288489735,0.0
2019-02-01,0.24605272589131996,1.8596093119150532e-17,0.0,0.0,0.0,1.997191830525024e-17,0.2351006035151609,0.053077840081205495,0.46576883051231366,0.0
2019-03-01,0.2286529638048464,0.0,0.0,7.795267825053667e-18,1.8359012274144877e-17,0.0,0.15845534484692772,0.1094828626399101,0.5034088287083157,0.0
2019-04-01,0.2252551211015927,0.0,7.260651999717467e-18,4.581977998284061e-18,2.9737450695738774e-18,0.0,0.17259999488614788,0.11372466509246815,0.48842021891979115,1.2260316820902869e-17
2019-05-01,0.22253100125810782,0.0,8.030752312940627e-18,1.1006072715454223e-18,0.0,7.126789611817698e-19,0.19761056639549124,0.0935513861875086,0.4863070461588924,0.0
2019-06-01,0.24950792815648007,0.0,0.0,0.0,1.5520307221149556e-18,7.966100302494696e-18,0.11829519741417678,0.145539875188247,0.48665699924109634,0.0
2019-07-01,0.24957896123685813,5.582101254037833e-18,0.0,0.0,2.7081802004001425e-18,0.0,0.10696467984763358,0.14491207505254314,0.4985442838629652,0.0
2019-08-01,0.26307784660502775,0.0,4.216374832821748e-18,2.6129497758393845e-18,0.0,2.9729444584479837e-18,0.11131043706271006,0.13721092923351594,0.4884007870987462,4.857458615759158e-18
2019-09-01,0.26121531494276756,0.0,3.9164852914438374e-18,0.0,2.493101848875235e-18,0.0,0.11283890487717993,0.1369198430469038,0.48902593713314874,5.95337535471605e-18
2019-10-01,0.2649845181906678,3.674750686942056e-18,0.0,0.0,0.0,1.7743140746626064e-17,0.11089497292595522,0.13970120294792557,0.4844193059354515,0.0
2019-11-01,0.25618924044421715,0.0,0.0,3.7828321872401135e-18,0.0,1.0504885656650241e-17,0.09844837938292195,0.1468569158474262,0.48891848237672964,0.00958698194870514
2019-12-01,0.2460045885465848,0.0,1.7151417614788651e-18,4.265094818691127e-19,1.5022651597692853e-17,0.0,0.09387219073163,0.1609721079576276,0.48813716620446557,0.011013946559691937
2020-01-01,0.2324642421780424,1.4018944625653428e-19,0.0,6.591192372545286e-18,7.796243282353852e-19,0.0,0.09871207537595142,0.16236811841847942,0.49818982028045394,0.008265743747072654
2020-02-01,0.21813428458573883,5.087916260751904e-18,0.0,4.1205061023327075e-18,0.006812748647354887,0.02992939910233701,0.09328966730178452,0.15235842941707578,0.499475470945709,0.0
2020-03-01,0.19962662768332654,0.0,0.0,4.143687674730105e-18,3.631837231654271e-18,0.05098520864554726,0.09560259470537572,0.17338911612269484,0.4803964528430558,3.817377484098205e-18
2020-04-01,0.20723843953332247,0.0,5.4276283640239944e-18,0.0,0.0,4.127508192513052e-18,0.11837170722855897,0.2267517895306995,0.4476380637074191,0.0
2020-05-01,0.23983611017429765,0.0,1.6404524739651808e-17,0.0,1.6545408392238437e-17,0.016657423157061108,0.037560610117029436,0.22996688896677972,0.47597896758483227,0.0
2020-06-01,0.2408873486202013,0.0,0.0,9.994414589004706e-18,4.713864677064434e-17,0.008411877547654524,0.021480417157495397,0.25572188570006343,0.47349847097458536,0.0
2020-07-01,0.24140077647356448,0.0,2.878868091114891e-17,0.0,0.0,4.834052501720758e-17,0.07311703268399472,0.23045874628374347,0.45502344455869737,3.382125098060839e-17
2020-08-01,0.2534424740980928,0.0,0.0,2.141783466372664e-18,0.01655277147655024,0.029979538944690708,0.025500467334557263,0.22464411056040726,0.4498806375857019,0.0
2020-09-01,0.24965247244352398,0.0,2.90511775902724e-18,0.0,0.02250055563507859,0.02910078297167037,0.027639451364074853,0.2231105483065879,0.44799618927906426,0.0
2020-10-01,0.239466975058212,3.6466573036094345e-18,0.0,0.0,0.02257286783511389,0.031015298370422863,0.048666650969009385,0.22159486627544514,0.4366833414917968,1.7124684040814376e-17
2020-11-01,0.22425876274093431,5.268435144393027e-20,6.8974510423602e-19,1.0583295944214244e-17,0.031639425650131614,0.03455355217741157,0.05733082002936774,0.20322130577283667,0.44899613362931806,5.422816612924552e-18
2020-12-01,0.22157317717293679,5.802717337270168e-18,0.0,1.703076632523247e-17,0.030529759065304973,0.0,0.05117034716986761,0.22008737010311377,0.4766393464887768,0.0
2021-01-01,0.21362405547166305,0.0,2.1514603661474996e-18,0.0,0.03496108957532813,6.071532165918825e-18,0.04595183545313449,0.2246819927016132,0.48078102679826124,2.015718017304192e-17
2021-02-01,0.20778091187119266,6.8691346629608505e-18,0.0,3.3060317836048897e-17,0.0323966564254803,0.0,0.04853573266999216,0.23025343501486922,0.4810332640184657,0.0
2021-03-01,0.23076978862496023,6.621234732471989e-20,0.0,1.7191663289682866e-17,0.037394293097133616,0.024608475256367446,0.013885078989085293,0.23238905031845067,0.46095331371400283,0.0
2021-04-01,0.19491580255411098,0.0,1.0004700510319322e-18,0.0,0.05375141071522853,0.05510037759409911,1.0602853601569524e-17,0.25187923087139247,0.4443531782651689,0.0
2021-05-01,0.2021191715543317,0.0,2.2008995223430086e-17,8.957680571046552e-18,0.038583168464869116,0.05289210907633,2.9348897914350905e-18,0.2670762188079314,0.4393293320965378,2.6400554562922164e-18
2021-06-01,0.2084536450118671,0.0,1.679023488453921e-17,0.0,0.03476831641868531,0.0522196035101255,1.1987309356938656e-17,0.267988374439577,0.4365700606197451,0.0
2021-07-01,0.20489164319038033,1.5700474913522308e-18,3.2907888567274855e-18,3.0234702683509006e-17,0.03889590172975631,0.051614311180842275,1.3284410024497564e-17,0.26925083970770053,0.43534730419132067,0.0
2021-08-01,0.19783739626043423,7.4979215682784e-18,0.0,0.0,0.032271750508499134,0.06671792607415301,4.586276132099956e-17,0.27319594581404133,0.4299769813428723,3.3535839579928153e-18
2021-09-01,0.1891088339435819,0.0,0.0,0.0,0.0391537068711246,0.07777773918496907,8.941753439186727e-18,0.2697742307666624,0.42418548923366206,5.850933713944909e-18
2021-10-01,0.2073368483989686,0.0,3.7969882649498805e-17,0.0,0.0341735616072381,0.08222172378768937,2.0390295078815684e-17,0.2633811191955973,0.41288674701050665,6.0293158393700616e-18
2021-11-01,0.18536995306591283,0.0,6.860281197810831e-18,0.0,0.04588065842071634,0.11100128896631523,7.170145770481905e-18,0.2458526477170047,0.41189545183005083,9.275870522107787e-18
2021-12-01,0.18343046071997618,9.565594643467763e-18,0.0,8.45576740188669e-18,0.06281584078693263,0.09050383550390137,0.004541948677346894,0.23834399887787988,0.4203639154339631,8.562342020407188e-19
2022-01-01,0.1449091384946407,0.0,2.1504057576952538e-17,0.0,0.06009418711069223,0.09732847294978768,0.07013661046585148,0.2105512393476143,0.4169803516314135,1.1701867427889823e-17
2022-02-01,0.1734585012261897,0.0,2.211415799144746e-19,2.971133763137964e-19,0.04967562375463598,0.11277377547219117,0.04771203309160875,0.1958121430240179,0.4205679234313566,0.0
2022-03-01,0.17680962864076663,0.0,0.0,0.0,0.04770956001132631,0.12042291145691363,0.044932883107445254,0.1926298162308351,0.41749520055271316,0.0
2022-04-01,0.19590335821092653,0.0,2.2049467527067832e-18,0.0,0.04632983519948385,0.1434479518649617,0.039657303556939416,0.18618217144950702,0.38847937971818153,1.890850529506587e-18
2022-05-01,0.324436140160607,0.0,0.0,2.910983334424658e-17,0.025329031511013837,0.08713665090911638,1.0408340855860843e-17,0.20271268281075286,0.36038549460851,0.0
2022-06-01,0.3383026710316861,6.878195762876491e-18,0.0,0.0,0.042068011306718,0.06431044315666706,2.7726423557896832e-18,0.20343123752328873,0.3518876369816401,0.0
2022-07-01,0.34821021231836063,0.0,0.0,3.7323448252083455e-17,0.003963361855979218,0.054292261698177316,0.0,0.2520593278243666,0.3414748363031163,0.0
2022-08-01,0.321223063774963,0.0,1.2544111588764623e-18,1.7601455857000327e-18,5.889864473093117e-18,0.0826155634789221,1.1569893274010334e-17,0.25509113899113284,0.3410702337549819,1.1471104069160442e-18
2022-09-01,0.34268586577770255,3.808783445778893e-18,3.0114890979234883e-18,0.0,0.0,0.07216518100865683,1.1633025284935265e-17,0.2365284669384274,0.3486204862752132,5.690389801062277e-18
2022-10-01,0.36951598230050253,3.5313092316442827e-17,0.0,0.0,0.0,0.02001058668255925,2.5768736444526668e-17,0.29963515381938616,0.310838277197552,0.0
2022-11-01,0.35233013655033985,0.0,0.0,1.884040194409367e-17,2.6612301046525585e-18,0.003639726596133142,5.934153331118708e-18,0.3012136590552097,0.34281647779831737,3.87089212172575e-18
2022-12-01,0.34140442869132653,8.170321489432948e-18,0.0,4.650289580348177e-18,0.0,0.02014451574381593,0.0,0.2985342899751835,0.3399167655896739,9.90567276529089e-18
2023-01-01,0.3550514423276241,0.0,0.0,0.0,0.0,0.0015974147437457804,0.0,0.30336799340894116,0.3399831495196891,0.0
2023-02-01,0.33652643780649544,6.92010948738694e-18,7.231121294791112e-18,0.0,5.770905783427432e-18,0.01994295578798104,0.0,0.3062191883095938,0.33731141809592974,0.0
2023-03-01,0.3651904789627739,1.44734538094723e-18,7.093664787789071e-18,0.0,4.64842292834861e-18,0.00533274294852589,0.0,0.30290371084943635,0.32657306723926394,0.0
2023-04-01,0.35470752804503264,0.0,9.96262758687838e-18,0.0,0.0,0.012792313441799492,0.0,0.3059159511960178,0.3265842073171501,5.911028044051445e-18
2023-05-01,0.3480295160806132,0.0,5.0016981872019386e-18,8.930447096365638e-18,3.156158282298853e-18,0.01984940786376226,0.0,0.2991817218403072,0.33293935421531734,1.1541323515007189e-17
2023-06-01,0.3554845381217868,0.0,6.4369513480457185e-18,0.0,1.5492221285315085e-17,1.691846769417537e-05,1.539653141121209e-17,0.29967522179518297,0.3448233216153361,0.0
2023-07-01,0.3564788087679688,3.908741002811258e-18,6.3029120419410104e-18,1.8826108795369126e-18,0.0,9.983291731445938e-18,0.0,0.2983467772425746,0.34517441398945675,5.163157279998636e-18
2023-08-01,0.33918653015676165,2.7931608346960116e-18,0.0,2.8387159819738107e-17,4.222282276469372e-20,0.0,1.0598742348804436e-17,0.31336461175793023,0.3474488580853082,0.0
2023-09-01,0.33470294061899936,6.8820489943834706e-18,2.6083195184784823e-18,6.0074043616675336e-18,0.0,7.887570804832045e-18,1.4526125176172393e-17,0.322623402503917,0.34267365687708345,9.01963137720275e-20
2023-10-01,0.3050585762833629,0.0,0.0,0.0,5.845692415809774e-18,0.020456833607628788,0.0,0.32988026523480224,0.34460432487420595,0.0
2023-11-01,0.29973438252303486,0.0,0.0,4.843232163248271e-17,2.0574286006080818e-17,0.03508445289145783,0.0,0.3153207814597446,0.3498603831257628,9.133164821767667e-18
2023-12-01,0.30676173269311335,7.703874931804497e-19,9.445436443501178e-18,0.0,7.818742171354812e-18,0.02680878826263783,1.5777774710563505e-17,0.3180434975679362,0.34838598147631267,1.241539592959042e-17
2024-01-01,0.3049039396593717,2.8102027374841344e-18,0.0,0.0,0.0,0.032944952819488754,1.259241936758118e-18,0.30779731524652176,0.354353792274618,0.0
2024-02-01,0.3017966575525622,0.0,1.969928447338722e-18,0.0,0.0,0.03715673332175339,1.5614615371856584e-18,0.30784283245936234,0.3532037766663222,0.0
2024-03-01,0.30766641281107704,0.0,1.8192414461632867e-17,2.5608097924206244e-18,8.725534619848891e-18,0.040834579577254435,1.2256871897327436e-17,0.3071400832880863,0.344358924323582,7.99698402324179e-18
2024-04-01,0.31790732454561327,0.0,1.2369573121619302e-17,4.351920039728228e-18,1.7367313825576815e-17,0.039586647027334665,0.0,0.3102962859269961,0.332209742500056,1.598303843809342e-17
2024-05-01,0.321937293458841,0.0,5.067873165640441e-18,0.0,3.402453407385028e-18,0.0319141090583502,7.514859817673287e-18,0.3031354699527115,0.3430131275300972,1.6844737444329214e-17
2024-06-01,0.36985416803830995,0.0,0.0,0.0,1.1953714237479831e-17,0.01896791265281955,0.0,0.2923197884062336,0.31885813090263704,0.0
2024-07-01,0.3369260549523103,5.351717996957661e-18,0.0,0.0,0.0,0.028595031732593385,0.0,0.3094740058951808,0.3250049074199155,0.0
2024-08-01,0.36833681500763227,0.0,0.0,0.0,0.0,0.002849044238601597,1.8920361374400164e-17,0.30317728688917783,0.3256368538645884,0.0
2024-09-01,0.3783857908146897,5.5135979441206456e-18,5.665941851895984e-18,0.0,0.0,0.0,0.0,0.2976322939159413,0.3239819152693689,0.0
2024-10-01,0.374060944767774,0.0,0.0,0.0,0.0,4.6953048791122275e-17,4.240290254138068e-17,0.29958553231114415,0.3263535229210817,0.0
2024-11-01,0.35107994894797057,0.0,0.0,0.0,0.0,2.7287661655301927e-17,1.5082601586864866e-17,0.3049323969999459,0.34398765405208354,0.0
2024-12-01,0.36314656061272005,0.0,0.0,0.0,1.1932053459610023e-17,1.54916764782787e-17,7.489262020963585e-18,0.30551011522651833,0.33134332416076173,0.0
2025-01-01,0.3840116620373379,2.5816879195884185e-18,0.0,1.56179625540933e-17,4.147861608417618e-18,2.4135704722068597e-18,0.0,0.30347897378863653,0.31250936417402553,0.0
2025-02-01,0.39450744946425537,4.334304729210841e-18,0.0,0.0,0.0,4.043651623257582e-18,2.175255817987138e-18,0.29527700788391137,0.31021554265183326,0.0
2025-03-01,0.3734605381886811,8.652507268814048e-18,0.0,3.183778893197884e-17,3.3876226254517686e-17,0.0,0.0,0.31033953162838873,0.31619993018293024,0.0
2025-04-01,0.3772440487594758,1.2902161097588722e-17,1.2756178777010504e-18,2.0018631523648982e-17,6.134328258357903e-17,0.0,0.0,0.30553066945666074,0.3172252817838634,0.0
2025-05-01,0.4007087502187871,6.987431342411213e-18,6.001991013765585e-18,2.4194088052372136e-17,4.8454999353517e-18,0.0,1.8384729626063107e-17,0.2921258718117985,0.3071653779694145,0.0
2025-06-01,0.40094595283203505,0.0,1.4986373485419252e-17,0.0,0.0,9.201119011391055e-18,0.0,0.2937460915461751,0.30530795562179,1.3475545050361697e-17
2025-07-01,0.37265025354577563,1.2761206424819852e-17,1.8791919140946158e-17,0.0,1.3938136719867225e-17,9.079286233921855e-18,0.0,0.30344829322320493,0.32390145323101954,1.1609222063101065e-17
2025-08-01,0.38009566592750743,0.0,0.0,2.092467647447815e-17,9.754621296253152e-18,0.0,0.0,0.3006622543023399,0.31924207977015256,4.001224413718438e-18
2025-09-01,0.36039369207221456,9.257499247262885e-18,1.1601539590171684e-17,8.839096091056191e-18,1.7505953568133904e-17,0.0,2.7755575615628914e-17,0.31417963584242137,0.32542667208536397,0.0
2025-10-01,0.3494720720778058,6.1854264681489995e-18,0.0,4.269471251939104e-18,5.895237858928219e-18,0.0,0.0,0.3266536405311807,0.3238742873910136,0.0
2025-11-01,0.379251693667653,1.2369350289178234e-17,0.0,2.1105669943928435e-17,2.9561234136801767e-17,0.0,0.0,0.3221455952385303,0.29860271109381675,0.0
2025-12-01,0.36449141796005924,1.657355794917128e-18,0.0,0.0,0.023942971225356276,2.703353632273701e-17,8.309848386726083e-17,0.2982577728573024,0.313307837957282,7.777460668536529e-18
