Date,NoDur,Durbl,Manuf,Enrgy,HiTec,Telcm,Shops,Hlth,Utils,Other,Real_Rate,RF_Monthly,Inflation,VIX,Mkt_RF
1963-08-01,0.0489,0.06570000000000001,0.062,0.0394,0.051399999999999994,0.0429,0.0643,0.09570000000000001,0.0412,0.054000000000000006,0.0005449657869012726,0.0025,0.0019550342130987275,,0.0508
1963-09-01,-0.0174,-0.0025,-0.008100000000000001,-0.0365,0.0017000000000000001,0.0236,0.0092,-0.0407,-0.024900000000000002,-0.0316,0.003675609756097562,0.0027,-0.0009756097560975618,,-0.015700000000000002
1963-10-01,0.026600000000000002,0.10710000000000001,0.0256,-0.0033,0.08220000000000001,0.034300000000000004,0.0052,0.0339,-0.0067,0.013999999999999999,0.0019234374999999998,0.0029,0.0009765625,,0.0254
1963-11-01,-0.0113,-0.052000000000000005,0.0031,-0.011399999999999999,-0.0029,0.0414,-0.0125,-0.016399999999999998,-0.0106,0.001,0.0017243902439024383,0.0027,0.0009756097560975618,,-0.0086
1963-12-01,0.028399999999999998,0.0058,0.0194,0.0466,0.0304,-0.0009,0.0033,0.0154,0.0241,0.0265,-0.0003488628979856495,0.0029,0.0032488628979856493,,0.0183
1964-01-01,0.0078000000000000005,0.012199999999999999,0.026600000000000002,0.048499999999999995,0.029300000000000003,0.0332,0.025099999999999997,0.037000000000000005,0.0139,0.011699999999999999,0.001056994818652843,0.003,0.0019430051813471572,,0.022400000000000003
1964-02-01,0.018600000000000002,0.0165,0.0273,0.0108,0.0196,-0.0028000000000000004,0.0163,0.0165,0.0087,0.053399999999999996,0.0035696186166774366,0.0026,-0.0009696186166774368,,0.0155
1964-03-01,0.0308,0.0108,0.0369,0.013999999999999999,0.0338,-0.009000000000000001,0.024300000000000002,-0.0194,-0.0074,0.0233,0.002129440310579053,0.0031,0.0009705596894209467,,0.0141
1964-04-01,-0.004699999999999999,0.018000000000000002,-0.0172,0.0404,-0.0363,0.0083,0.0287,-0.014199999999999999,0.0105,0.0029,0.002576793794440854,0.0029,0.0003232062055591456,,0.001
1964-05-01,0.0155,0.0151,0.0175,0.021400000000000002,0.0273,-0.0039000000000000003,0.039,0.0052,0.0084,0.023799999999999998,0.0016306946688205513,0.0026,0.0009693053311794486,,0.0141
1964-06-01,0.0167,0.0077,0.0088,0.0067,0.0051,0.046900000000000004,0.0383,0.0058,0.022099999999999998,0.0128,0.0020316333118141046,0.003,0.0009683666881858954,,0.0127
1964-07-01,0.0176,0.056299999999999996,0.0134,0.0334,-0.0181,-0.020099999999999996,0.011899999999999999,0.0475,0.0493,0.0129,0.0026775233795549554,0.003,0.00032247662044504466,,0.0174
1964-08-01,-0.0026,0.014199999999999999,-0.0126,-0.0187,-0.0276,-0.015600000000000001,0.0033,-0.042199999999999994,-0.0004,-0.031400000000000004,0.0018328820116054502,0.0028000000000000004,0.0009671179883945502,,-0.0144
1964-09-01,0.017,0.0464,0.04769999999999999,0.030600000000000002,0.0115,-0.0103,0.0348,0.0275,0.018799999999999997,0.0394,0.0018338164251209023,0.0028000000000000004,0.0009661835748790981,,0.0269
1964-10-01,-0.0019,0.0007000000000000001,0.0043,0.030699999999999998,-0.009899999999999999,-0.0089,0.0231,0.0286,0.0095,0.018600000000000002,0.0016129987129985673,0.0029,0.0012870012870014325,,0.006
1964-11-01,0.0070999999999999995,-0.011399999999999999,-0.006,0.0255,-0.0023,-0.0223,0.0323,0.0217,0.0137,-0.0165,7.969151670880747e-06,0.0029,0.002892030848329119,,-0.0001
1964-12-01,0.0023,0.0189,-0.006999999999999999,-0.0021,-0.0001,0.031200000000000002,0.0016,0.0438,0.0049,-0.0178,0.001818359500160302,0.0031,0.001281640499839698,,0.0004
1965-01-01,0.060599999999999994,0.0381,0.053899999999999997,0.0034999999999999996,0.0746,0.0025,0.0305,0.0766,0.039599999999999996,0.0473,0.0018399999999999285,0.0028000000000000004,0.0009600000000000719,,0.0354
1965-02-01,0.0159,-0.0052,0.0255,-0.0339,0.0219,0.008,0.0139,0.0242,0.0043,0.0258,0.003,0.003,0.0,,0.0044
1965-03-01,-0.0077,0.0128,-0.0115,-0.030299999999999997,-0.0046,-0.0168,-0.008199999999999999,-0.0092,-0.0052,-0.0038,0.0026409207161126125,0.0036,0.0009590792838873874,,-0.0134
1965-04-01,0.042,0.0678,0.0405,0.0086,0.051399999999999994,0.0233,0.068,0.0297,0.0066,0.0232,0.0008642925582881349,0.0031,0.002235707441711865,,0.0311
1965-05-01,-0.0078000000000000005,-0.033,-0.0055000000000000005,0.0086,0.004699999999999999,0.0277,0.0019,-0.0125,-0.0097,-0.0151,-8.674314850220253e-05,0.0031,0.0031867431485022024,,-0.0078000000000000005
1965-06-01,-0.051,-0.0681,-0.062400000000000004,-0.020499999999999997,-0.057300000000000004,-0.0418,-0.0622,-0.053099999999999994,-0.0366,-0.0702,-0.0006296060991105058,0.0034999999999999996,0.0041296060991105055,,-0.055099999999999996
1965-07-01,0.0158,0.0229,0.0207,0.018600000000000002,0.0359,-0.0037,-0.013999999999999999,0.0395,0.0106,0.0334,0.004049066751028238,0.0031,-0.000949066751028238,,0.0144
1965-08-01,0.0406,0.034300000000000004,0.0352,0.0154,0.0587,0.013300000000000001,0.0229,0.063,0.009300000000000001,0.0509,0.004249968334388762,0.0033,-0.0009499683343887622,,0.0273
1965-09-01,0.0048,0.0712,0.0384,0.0437,0.0526,0.011000000000000001,-0.0068000000000000005,0.022400000000000003,0.0139,0.0177,0.0008812995245640691,0.0031,0.0022187004754359307,,0.0286
1965-10-01,0.0259,0.061399999999999996,0.0436,0.0184,0.0521,-0.0227,0.0031,0.0323,0.0105,0.0403,0.002151233396584415,0.0031,0.000948766603415585,,0.026000000000000002
1965-11-01,0.0108,-0.0381,0.0139,0.006999999999999999,0.0274,-0.0431,0.0134,0.0379,-0.0101,0.0412,0.00034044233807256283,0.0034999999999999996,0.003159557661927437,,-0.0003
1965-12-01,0.0129,0.0148,0.032400000000000005,0.0019,-0.0152,-0.0085,0.0126,0.0382,-0.0033,0.0331,0.00015039370078731833,0.0033,0.0031496062992126816,,0.0101
1966-01-01,0.019299999999999998,0.006,0.0291,0.0103,0.0134,-0.0129,-0.042800000000000005,0.0278,-0.0301,0.0516,0.0028580847723704583,0.0038,0.0009419152276295417,,0.0072
1966-02-01,-0.0048,-0.0149,-0.0072,-0.0347,0.0501,0.004699999999999999,-0.0184,-0.015600000000000001,-0.0418,0.0206,-0.0027735257214554533,0.0034999999999999996,0.006273525721455453,,-0.0121
1966-03-01,-0.0265,-0.0297,-0.0178,-0.022400000000000003,-0.009000000000000001,-0.048499999999999995,-0.0212,-0.016,-0.0014000000000000002,-0.025699999999999997,0.0006827930174564145,0.0038,0.0031172069825435855,,-0.025099999999999997
1966-04-01,0.0040999999999999995,0.0015,0.0286,0.031400000000000004,0.07629999999999999,0.0127,0.0308,-0.0001,0.0118,0.0302,0.0002924798011187252,0.0034000000000000002,0.003107520198881275,,0.0213
1966-05-01,-0.0492,-0.084,-0.056900000000000006,-0.0378,-0.060700000000000004,-0.029900000000000003,-0.029300000000000003,-0.0526,-0.0274,-0.07780000000000001,0.001931474597273837,0.0040999999999999995,0.0021685254027261625,,-0.0567
1966-06-01,-0.018000000000000002,-0.0197,-0.0095,-0.0227,-0.0013,0.004699999999999999,-0.023799999999999998,0.009899999999999999,-0.0179,0.0064,0.0028726429675425013,0.0038,0.0009273570324574987,,-0.0144
1966-07-01,-0.011899999999999999,-0.025699999999999997,-0.016,0.004,-0.0171,-0.0116,-0.0197,-0.0172,-0.0018,-0.019,0.0013381717109325862,0.0034999999999999996,0.0021618282890674134,,-0.0163
1966-08-01,-0.0722,-0.0762,-0.0787,-0.0644,-0.0611,-0.045700000000000005,-0.0642,-0.08109999999999999,-0.0861,-0.1184,-0.002063328197226426,0.0040999999999999995,0.006163328197226425,,-0.0794
1966-09-01,-0.014499999999999999,-0.0097,-0.0361,0.0391,-0.0194,-0.005600000000000001,-0.02,-0.011399999999999999,0.0436,-0.0192,0.0009372128637059572,0.004,0.003062787136294043,,-0.0106
1966-10-01,0.0453,0.0037,0.0252,0.08460000000000001,0.0028000000000000004,0.09179999999999999,-0.0138,0.0487,0.09960000000000001,0.030299999999999997,0.0014465648854960454,0.0045000000000000005,0.003053435114503955,,0.038599999999999995
1966-11-01,0.0231,-0.0346,0.0278,-0.011699999999999999,0.10980000000000001,-0.028399999999999998,0.006999999999999999,0.0691,-0.0137,0.07919999999999999,0.0030867579908675467,0.004,0.0009132420091324533,,0.0138
1966-12-01,0.0022,-0.0265,0.0137,-0.0066,0.0046,0.0296,-0.0416,-0.0018,0.0209,0.0219,0.002783454987834496,0.004,0.0012165450121655041,,0.0013
1967-01-01,0.09390000000000001,0.11779999999999999,0.1119,0.0358,0.10310000000000001,0.062400000000000004,0.11800000000000001,0.0645,0.028399999999999998,0.1197,0.004907533414337835,0.0043,-0.0006075334143378353,,0.0815
1967-02-01,0.0203,-0.0109,0.012199999999999999,-0.001,0.061900000000000004,0.0213,0.0322,0.013999999999999999,-0.0173,-0.0032,0.0005604863221883661,0.0036,0.003039513677811634,,0.0077
1967-03-01,0.044500000000000005,0.0384,0.0579,0.0362,0.055099999999999996,0.0296,0.0233,0.0786,0.0154,0.0441,0.0039000000000000003,0.0039000000000000003,0.0,,0.039900000000000005
1967-04-01,0.046,0.1106,0.0375,0.0167,0.0783,0.0022,0.09210000000000002,0.044500000000000005,0.018799999999999997,0.021099999999999997,0.00016969696969683932,0.0032,0.003030303030303161,,0.038900000000000004
1967-05-01,-0.027200000000000002,-0.0735,-0.036699999999999997,-0.0246,-0.0434,-0.056600000000000004,-0.045700000000000005,-0.0529,-0.0412,-0.0202,0.0033,0.0033,0.0,,-0.0432
1967-06-01,0.0275,0.0159,0.021,0.022799999999999997,0.0642,0.0273,0.0378,0.0541,-0.0131,0.0351,-0.0033422960725075024,0.0027,0.0060422960725075026,,0.0242
1967-07-01,0.0605,0.11109999999999999,0.050300000000000004,0.0693,0.039900000000000005,-0.0658,0.06,0.0379,0.0233,0.0782,0.0001969969969969538,0.0032,0.0030030030030030463,,0.0458
1967-08-01,-0.008199999999999999,0.0014000000000000002,-0.004,-0.0148,-0.0101,-0.0124,0.0033,0.006500000000000001,-0.006500000000000001,-0.0025,0.00010598802395212761,0.0031,0.0029940119760478723,,-0.009000000000000001
1967-09-01,0.031,0.049800000000000004,0.0311,0.0424,0.0836,0.012199999999999999,0.0245,0.028999999999999998,-0.001,0.0127,0.00021492537313418667,0.0032,0.0029850746268658135,,0.031
1967-10-01,-0.0262,-0.049100000000000005,-0.0452,-0.0096,0.0489,-0.0349,0.0066,-0.050300000000000004,-0.0537,-0.0504,0.0009238095238095346,0.0039000000000000003,0.0029761904761904656,,-0.0308
1967-11-01,0.0049,-0.0096,0.0063,0.0078000000000000005,0.014199999999999999,0.0008,0.0084,0.013300000000000001,0.0319,-0.0032,-0.0023347181008901907,0.0036,0.005934718100890191,,0.0037
1967-12-01,0.0313,0.0088,0.052000000000000005,0.030699999999999998,0.0213,0.0012,0.0345,0.017,0.0329,0.054000000000000006,0.0003501474926252161,0.0033,0.002949852507374784,,0.0305
1968-01-01,-0.0043,-0.051500000000000004,-0.0636,-0.009000000000000001,-0.0873,0.026699999999999998,0.0113,-0.06570000000000001,0.0018,-0.019,0.0010588235294117752,0.004,0.002941176470588225,,-0.0403
1968-02-01,-0.0271,-0.023399999999999997,-0.042699999999999995,-0.0268,-0.0458,-0.0242,-0.0085,-0.0425,-0.0149,-0.0344,0.000967448680351909,0.0039000000000000003,0.0029325513196480912,,-0.0374
1968-03-01,0.0064,0.006500000000000001,0.0084,0.0074,0.0424,-0.011200000000000002,0.0286,0.0011,-0.0394,-0.0027,0.0008760233918130044,0.0038,0.0029239766081869956,,0.0021
1968-04-01,0.1097,0.11689999999999999,0.1065,0.0565,0.1244,0.022099999999999998,0.1222,0.11900000000000001,0.0242,0.11939999999999999,0.0013845481049561698,0.0043,0.00291545189504383,,0.0902
1968-05-01,0.05,-0.0034000000000000002,0.0316,0.0124,0.0383,-0.0073,0.034300000000000004,0.0335,0.0044,0.0623,0.0015930232558139489,0.0045000000000000005,0.0029069767441860517,,0.022799999999999997
1968-06-01,0.01,-0.014199999999999999,-0.0022,0.0184,-0.0203,0.0418,0.0051,0.0223,0.08449999999999999,0.030299999999999997,-0.0014971014492754769,0.0043,0.005797101449275477,,0.006999999999999999
1968-07-01,-0.0369,-0.0292,-0.0397,0.0528,-0.055099999999999996,-0.002,-0.0516,-0.0412,0.0018,-0.0301,-0.0009636887608067959,0.0048,0.0057636887608067955,,-0.0269
1968-08-01,0.0274,0.0125,0.0334,0.013000000000000001,0.0054,0.0129,0.0226,0.0068000000000000005,-0.0087,0.0262,0.0013346704871060227,0.0042,0.002865329512893977,,0.013500000000000002
1968-09-01,0.0487,0.0664,0.0455,0.0351,0.0294,0.0297,0.0784,0.0084,0.0026,0.0944,0.0014428571428571086,0.0043,0.0028571428571428914,,0.0405
1968-10-01,0.0087,0.0467,0.009300000000000001,0.0259,-0.049,0.0317,0.0069,-0.0004,0.0049,0.0109,-0.0012980056980056035,0.0044,0.005698005698005604,,0.0043
1968-11-01,0.0467,-0.0014000000000000002,0.057699999999999994,0.056799999999999996,0.0861,0.053899999999999997,0.051399999999999994,0.0812,0.08810000000000001,0.0771,0.001367138810198361,0.0042,0.0028328611898016387,,0.054299999999999994
1968-12-01,-0.0102,-0.0446,-0.0332,-0.0253,-0.053399999999999996,-0.0667,-0.041299999999999996,-0.0102,-0.0292,-0.0368,-0.0013497175141243527,0.0043,0.005649717514124353,,-0.0393
1969-01-01,-0.011899999999999999,-0.0172,-0.0045000000000000005,-0.011399999999999999,-0.046799999999999994,0.011699999999999999,-0.0097,-0.0023,0.024399999999999998,0.0078000000000000005,0.002491011235954994,0.0053,0.002808988764045006,,-0.0125
1969-02-01,-0.0662,-0.0358,-0.057300000000000004,-0.0495,-0.0362,-0.0334,-0.0415,-0.051699999999999996,-0.052199999999999996,-0.08410000000000001,0.0017988795518209602,0.0046,0.0028011204481790397,,-0.058600000000000006
1969-03-01,0.0070999999999999995,0.051,0.0265,0.0736,0.054400000000000004,-0.0042,0.0507,0.0335,-0.0129,0.0074,-0.003779888268156499,0.0046,0.008379888268156499,,0.026600000000000002
1969-04-01,0.0105,0.012199999999999999,0.013000000000000001,-0.0036,0.038599999999999995,0.0768,0.0394,0.049800000000000004,0.0134,0.0183,-0.00024016620498609666,0.0053,0.005540166204986097,,0.0146
1969-05-01,0.0121,0.0013,-0.0086,0.04,-0.016,0.010700000000000001,0.0048,0.0168,0.0002,-0.012,0.0020451790633607423,0.0048,0.0027548209366392573,,-0.0009
1969-06-01,-0.0737,-0.0599,-0.0692,-0.09960000000000001,-0.0016,-0.04,-0.055099999999999996,-0.0504,-0.0574,-0.1052,-0.0003945054945054746,0.0051,0.005494505494505475,,-0.0719
1969-07-01,-0.06849999999999999,-0.0697,-0.0545,-0.0964,-0.054299999999999994,-0.045,-0.08449999999999999,-0.0273,-0.0298,-0.0913,-0.0001644808743167239,0.0053,0.005464480874316724,,-0.07
1969-08-01,0.0495,0.0273,0.04190000000000001,0.0662,0.0703,0.0165,0.08130000000000001,0.0931,-0.0129,0.0898,0.0022826086956521064,0.005,0.0027173913043478937,,0.046900000000000004
1969-09-01,0.0033,-0.0006,-0.0207,-0.09630000000000001,0.002,-0.04,-0.0066,0.0209,-0.0415,-0.0063,0.0007799457994579649,0.0062,0.005420054200542035,,-0.0297
1969-10-01,0.0832,0.038599999999999995,0.0668,-0.0103,0.0579,0.035,0.06709999999999999,0.0898,0.083,0.08,0.0006091644204853034,0.006,0.005390835579514697,,0.0506
1969-11-01,-0.0236,-0.044800000000000006,-0.0342,-0.045599999999999995,-0.0179,0.0116,-0.0409,0.0032,-0.0528,-0.0556,-0.00016193029490617003,0.0052,0.00536193029490617,,-0.038
1969-12-01,-0.0194,-0.0344,-0.0143,-0.0301,-0.0074,-0.055099999999999996,-0.03,0.043,-0.0063,-0.037599999999999995,0.0010666666666665882,0.0064,0.005333333333333412,,-0.0263
1970-01-01,-0.0425,-0.0825,-0.073,-0.11460000000000001,-0.0907,-0.025699999999999997,-0.060899999999999996,-0.0712,-0.0424,-0.0885,0.0006949602122017177,0.006,0.0053050397877982824,,-0.081
1970-02-01,0.047,0.055999999999999994,0.0519,0.053899999999999997,0.029500000000000002,0.0797,0.0558,0.055999999999999994,0.08380000000000001,0.09480000000000001,0.0009229551451186589,0.0062,0.005277044854881341,,0.051399999999999994
1970-03-01,-0.0078000000000000005,0.0487,-0.0029,-0.0045000000000000005,-0.0258,0.0229,-0.0172,-0.0509,0.0291,-0.018000000000000002,0.0004506561679790853,0.005699999999999999,0.005249343832020914,,-0.0106
1970-04-01,-0.1014,-0.0886,-0.0898,-0.0917,-0.1435,-0.08789999999999999,-0.1112,-0.1011,-0.08070000000000001,-0.1382,-0.0002219321148825325,0.005,0.005221932114882533,,-0.1099
1970-05-01,-0.0745,-0.0647,-0.0751,0.026600000000000002,-0.0956,-0.0371,-0.0947,-0.07769999999999999,-0.0535,-0.0817,0.0027025974025972907,0.0053,0.0025974025974027093,,-0.069
1970-06-01,-0.0148,-0.0415,-0.0482,-0.024399999999999998,-0.1173,-0.0849,-0.0398,-0.0051,-0.0471,-0.06849999999999999,0.0006186528497411359,0.0058,0.005181347150258864,,-0.057999999999999996
1970-07-01,0.0668,0.106,0.051,0.1276,0.023399999999999997,0.1026,0.1038,0.0216,0.08710000000000001,0.0802,0.002622680412371143,0.0052,0.002577319587628857,,0.0692
1970-08-01,0.0146,0.0828,0.04650000000000001,0.0659,0.0803,0.024399999999999998,0.053099999999999994,0.0182,0.046900000000000004,0.051,0.0027293059125962646,0.0053,0.0025706940874037354,,0.045
1970-09-01,0.0552,0.0269,0.0397,0.032,0.1018,-0.0088,0.0795,0.0803,-0.0052,0.0759,0.0002717948717948903,0.0054,0.00512820512820511,,0.0418
1970-10-01,0.006999999999999999,-0.02,-0.0315,0.029500000000000002,-0.0348,-0.0375,-0.0169,0.001,-0.0083,-0.058899999999999994,-0.0005020408163264808,0.0046,0.005102040816326481,,-0.0227
1970-11-01,0.0473,0.0698,0.0392,0.0495,0.0406,0.0616,0.0688,0.0308,0.0941,0.0385,-0.00047614213197982175,0.0046,0.005076142131979822,,0.0462
1970-12-01,0.075,0.0617,0.0801,0.0225,0.044000000000000004,0.06849999999999999,0.0541,0.0536,0.0718,0.0837,-0.0008505050505049723,0.0042,0.005050505050504972,,0.0574
1971-01-01,0.0482,0.0387,0.0591,0.0033,0.053899999999999997,0.0977,0.08289999999999999,0.048799999999999996,0.029300000000000003,0.0781,0.0012874371859296929,0.0038,0.002512562814070307,,0.0483
1971-02-01,0.0377,0.022400000000000003,0.0124,0.0481,0.027999999999999997,-0.0529,0.0364,0.0139,-0.026000000000000002,0.0235,0.0033,0.0033,0.0,,0.0141
1971-03-01,0.044500000000000005,0.0344,0.0408,0.0276,0.0805,0.0070999999999999995,0.0681,0.036699999999999997,0.0241,0.0601,0.0004937343358396547,0.003,0.0025062656641603454,,0.0412
1971-04-01,0.0213,0.0849,0.042800000000000005,0.0431,0.0231,0.008100000000000001,0.049699999999999994,0.0425,-0.0355,0.0436,0.0003000000000000537,0.0028000000000000004,0.0024999999999999467,,0.0315
1971-05-01,-0.0301,-0.042800000000000005,-0.0226,-0.04769999999999999,-0.061799999999999994,-0.0516,-0.0179,-0.021099999999999997,-0.0371,-0.046,-0.002087531172069737,0.0029,0.004987531172069737,,-0.039900000000000005
1971-06-01,-0.0015,-0.0066,0.0037,0.0103,-0.0218,0.0104,0.003,0.0202,0.0432,-0.0106,-0.00126277915632759,0.0037,0.00496277915632759,,-0.0009
1971-07-01,-0.021400000000000002,-0.0555,-0.048799999999999996,-0.021400000000000002,-0.0858,-0.0361,-0.0345,-0.0225,-0.021400000000000002,-0.0385,0.0015308641975308977,0.004,0.0024691358024691024,,-0.0449
1971-08-01,0.031,0.106,0.0639,-0.012199999999999999,0.0567,-0.0034000000000000002,0.062,0.032799999999999996,-0.0233,0.0703,0.0022369458128078286,0.004699999999999999,0.0024630541871921707,,0.0379
1971-09-01,-0.0007000000000000001,-0.0007000000000000001,-0.0032,-0.016399999999999998,-0.0155,0.0023,0.0073,0.0066,-0.0151,-0.0043,0.0012429975429976894,0.0037,0.002457002457002311,,-0.0086
1971-10-01,-0.0433,-0.0521,-0.0604,-0.0429,-0.0435,-0.0174,-0.0345,-0.025,0.020499999999999997,-0.042,0.0012490196078431461,0.0037,0.002450980392156854,,-0.044199999999999996
1971-11-01,-0.0034000000000000002,0.0033,-0.0098,0.0006,0.0177,0.0039000000000000003,0.0024,0.0059,-0.012,-0.0018,0.0012550122249388087,0.0037,0.0024449877750611915,,-0.0046
1971-12-01,0.1054,0.061399999999999996,0.0987,0.08839999999999999,0.1127,0.0737,0.1017,0.0791,0.08109999999999999,0.0814,0.0012609756097560956,0.0037,0.0024390243902439046,,0.08710000000000001
1972-01-01,0.025,0.0323,0.0322,0.0016,0.08349999999999999,0.009399999999999999,0.0043,0.026000000000000002,-0.003,0.0333,0.0004669099756689915,0.0029,0.0024330900243310083,,0.024700000000000003
1972-02-01,0.04650000000000001,0.0084,0.0499,0.026099999999999998,0.0189,0.0016,0.056600000000000004,0.0713,-0.025,0.0225,-0.0023543689320388327,0.0025,0.004854368932038833,,0.0287
1972-03-01,0.0008,0.042300000000000004,0.024900000000000002,-0.0546,0.011000000000000001,-0.0032,0.019799999999999998,0.0046,-0.0016,0.0231,0.0027,0.0027,0.0,,0.0062
1972-04-01,0.019,-0.0053,0.0197,-0.0069,0.0076,-0.0105,-0.005600000000000001,0.0108,-0.0282,0.0182,0.00048454106280192144,0.0029,0.0024154589371980784,,0.0029
1972-05-01,0.0040999999999999995,-0.0102,0.019,0.0369,0.0374,0.011699999999999999,0.0179,0.0352,-0.0018,-0.0060999999999999995,0.0005903614457830582,0.003,0.002409638554216942,,0.0129
1972-06-01,-0.0115,-0.028900000000000002,-0.0225,-0.0092,-0.0253,-0.0275,-0.042199999999999994,0.025099999999999997,-0.0155,-0.0451,0.0004961538461537435,0.0029,0.0024038461538462563,,-0.024300000000000002
1972-07-01,-0.0158,-0.0213,0.0048,-0.0105,0.0096,0.0075,-0.0246,0.0313,0.0004,-0.029500000000000002,0.0007019184652280546,0.0031,0.0023980815347719453,,-0.008
1972-08-01,-0.0011,0.0378,0.0229,0.1245,0.0285,0.051500000000000004,-0.0043,0.0104,0.059699999999999996,0.0362,0.0005076555023922763,0.0029,0.0023923444976077235,,0.0327
1972-09-01,-0.0262,-0.0089,-0.012199999999999999,-0.0024,-0.0115,0.0431,-0.005,-0.0044,0.002,-0.0172,-0.001373269689737569,0.0034000000000000002,0.004773269689737569,,-0.011399999999999999
1972-10-01,-0.0001,-0.024399999999999998,0.011399999999999999,0.031,-0.0334,0.023,0.0089,0.0151,0.0677,0.0113,0.001624703087885978,0.004,0.002375296912114022,,0.0052
1972-11-01,0.0688,0.0794,0.042,0.062,0.0253,0.0706,0.0601,-0.005600000000000001,0.064,0.051399999999999994,-0.001039336492890933,0.0037,0.004739336492890933,,0.046
1972-12-01,0.0053,0.016399999999999998,0.0092,0.0105,0.019799999999999998,0.014499999999999999,0.0173,0.0374,-0.0154,-0.0073,0.001341509433962126,0.0037,0.002358490566037874,,0.0062
1973-01-01,-0.047599999999999996,-0.067,-0.037000000000000005,0.050300000000000004,0.0196,-0.0212,-0.0409,-0.011899999999999999,-0.042699999999999995,-0.0745,-0.0003058823529413371,0.0044,0.004705882352941337,,-0.0327
1973-02-01,-0.0437,-0.058600000000000006,-0.0227,-0.0738,-0.03,-0.0464,-0.0645,-0.0070999999999999995,-0.019799999999999998,-0.060599999999999994,-0.002825761124121788,0.0042,0.007025761124121788,,-0.048499999999999995
1973-03-01,-0.01,-0.0282,-0.002,0.0305,-0.012,0.0053,-0.0564,0.0078000000000000005,-0.0215,-0.0026,-0.004702325581395321,0.0046,0.009302325581395321,,-0.013000000000000001
1973-04-01,-0.0625,-0.0519,-0.044000000000000004,-0.0098,-0.0666,0.0088,-0.0852,-0.054900000000000004,-0.006,-0.0775,-0.0017124423963133899,0.0052,0.00691244239631339,,-0.056799999999999996
1973-05-01,-0.0213,-0.042300000000000004,-0.0115,-0.0356,-0.026099999999999998,-0.0084,-0.0223,0.0106,0.0034999999999999996,-0.0499,0.0005233409610984133,0.0051,0.004576659038901587,,-0.0297
1973-06-01,-0.0344,-0.0254,-0.0034999999999999996,0.0159,-0.0006,-0.0032,-0.0576,0.0001,-0.025,-0.0023,-0.0017337129840547735,0.0051,0.006833712984054774,,-0.015700000000000002
1973-07-01,0.07429999999999999,0.0726,0.0665,0.003,0.0495,-0.0032,0.1114,0.0687,-0.024,0.0953,0.0064,0.0064,0.0,,0.0504
1973-08-01,-0.0331,-0.0394,-0.0146,-0.0382,-0.037000000000000005,-0.038900000000000004,-0.0415,-0.069,-0.021,-0.023,-0.011099547511312154,0.006999999999999999,0.018099547511312153,,-0.0382
1973-09-01,0.059000000000000004,0.0782,0.045599999999999995,0.09210000000000002,-0.028300000000000002,0.0764,0.0717,0.0078000000000000005,0.0791,0.0724,0.0023555555555555274,0.0068000000000000005,0.004444444444444473,,0.047400000000000005
1973-10-01,-0.0225,-0.0435,0.0045000000000000005,0.051699999999999996,0.039,-0.0556,-0.0365,0.0183,-0.0341,-0.0101,-0.002349557522123907,0.006500000000000001,0.008849557522123908,,-0.0083
1973-11-01,-0.1432,-0.1631,-0.1427,-0.0622,-0.11449999999999999,-0.0433,-0.18899999999999997,-0.0776,-0.1164,-0.135,-0.0009789473684210168,0.005600000000000001,0.006578947368421018,,-0.1278
1973-12-01,-0.015700000000000002,-0.037599999999999995,0.0129,0.0863,-0.0432,0.0417,-0.0021,-0.044800000000000006,0.034300000000000004,0.0245,-0.0023145969498909623,0.0064,0.008714596949890963,,0.0059
1974-01-01,0.0236,0.061,0.0040999999999999995,-0.0746,0.0125,0.0209,0.0669,-0.0256,0.0455,0.0118,-0.004499136069114423,0.0063,0.010799136069114423,,-0.0016
1974-02-01,0.0015,-0.010700000000000001,0.0003,-0.0155,-0.006,0.0471,0.008100000000000001,-0.012199999999999999,0.0029,0.0101,-0.004883760683760646,0.0058,0.010683760683760646,,-0.0046
1974-03-01,-0.019,-0.001,-0.0078000000000000005,-0.032400000000000005,-0.0273,-0.0458,-0.031200000000000002,0.0121,-0.0366,-0.0363,-0.004970824524312793,0.005600000000000001,0.010570824524312794,,-0.0282
1974-04-01,-0.036699999999999997,-0.0407,-0.0204,-0.06309999999999999,-0.0364,-0.053200000000000004,-0.0196,-0.0148,-0.1223,-0.0633,0.0012238493723847818,0.0075,0.006276150627615218,,-0.0528
1974-05-01,-0.0291,0.0044,-0.0254,-0.0754,-0.042199999999999994,-0.0155,0.011899999999999999,-0.0012,-0.0493,-0.0849,-0.0028950103950103404,0.0075,0.01039501039501034,,-0.047
1974-06-01,-0.005699999999999999,-0.0264,-0.0042,-0.0031,-0.029300000000000003,0.0027,-0.0273,-0.016200000000000003,-0.0622,-0.0556,-0.0022304526748970818,0.006,0.008230452674897082,,-0.028399999999999998
1974-07-01,-0.1016,-0.1191,-0.0717,-0.0052,-0.0823,-0.07629999999999999,-0.1283,-0.1414,0.0074,-0.0663,0.0008775510204083112,0.006999999999999999,0.006122448979591688,,-0.0806
1974-08-01,-0.102,-0.06709999999999999,-0.1016,-0.08650000000000001,-0.0493,-0.0003,-0.1308,-0.0806,-0.08689999999999999,-0.10640000000000001,-0.006170385395537497,0.006,0.012170385395537497,,-0.09390000000000001
1974-09-01,-0.1206,-0.1298,-0.12869999999999998,-0.0797,-0.16829999999999998,-0.0381,-0.12269999999999999,-0.15560000000000002,-0.0132,-0.09630000000000001,-0.005928056112224573,0.008100000000000001,0.014028056112224574,,-0.11789999999999999
1974-10-01,0.157,0.045,0.1606,0.2078,0.1471,0.1085,0.1,0.2959,0.13019999999999998,0.2018,-0.0028051383399209026,0.0051,0.007905138339920903,,0.1611
1974-11-01,-0.038599999999999995,-0.0479,-0.059000000000000004,-0.0429,-0.049400000000000006,-0.030699999999999998,-0.0575,-0.0123,-0.0015,-0.0281,-0.004403921568627416,0.0054,0.009803921568627416,,-0.0453
1974-12-01,-0.0051,-0.0409,-0.0444,0.0084,-0.0524,0.015700000000000002,-0.0336,-0.0332,-0.0083,-0.0431,-0.0007669902912620444,0.006999999999999999,0.007766990291262044,,-0.0344
1975-01-01,0.1873,0.2152,0.1451,0.0676,0.15289999999999998,0.1109,0.2597,-0.0075,0.1883,0.1793,-0.001907129094412402,0.0058,0.007707129094412402,,0.1367
1975-02-01,0.0404,0.0499,0.0802,0.0227,0.1317,0.051500000000000004,0.051699999999999996,0.1607,0.0088,0.0287,-0.0014361376673041864,0.0043,0.005736137667304186,,0.0556
1975-03-01,0.0716,0.0662,0.050499999999999996,-0.0232,0.009899999999999999,-0.0088,0.1076,0.0129,-0.013300000000000001,0.0414,0.0002977186311787852,0.0040999999999999995,0.0038022813688212143,,0.026600000000000002
1975-04-01,0.0302,0.0408,0.0956,0.0725,0.0557,-0.0096,0.0259,0.006500000000000001,-0.0163,0.0326,0.0006121212121211047,0.0044,0.0037878787878788955,,0.042199999999999994
1975-05-01,0.052199999999999996,0.026000000000000002,0.027999999999999997,0.1207,0.0592,0.0355,0.0401,0.0653,0.08539999999999999,0.0572,0.002513207547169701,0.0044,0.0018867924528302993,,0.052000000000000005
1975-06-01,0.0528,0.1024,0.0354,0.065,0.0231,0.0405,0.0745,0.0096,0.1074,0.059500000000000004,-0.0034329566854991375,0.0040999999999999995,0.007532956685499137,,0.0487
1975-07-01,-0.0538,-0.0202,-0.0591,-0.0425,-0.0942,-0.0421,-0.0747,-0.12029999999999999,-0.048,-0.0613,-0.004545794392523255,0.0048,0.009345794392523255,,-0.066
1975-08-01,-0.0313,-0.0348,-0.0078000000000000005,-0.0088,-0.0296,-0.0354,-0.0033,-0.0332,-0.0123,-0.051399999999999994,0.001096296296296235,0.0048,0.0037037037037037646,,-0.028399999999999998
1975-09-01,-0.024399999999999998,-0.0245,-0.0582,-0.011699999999999999,-0.0085,-0.0127,-0.0354,-0.0652,-0.0098,-0.0632,-0.0020800738007379074,0.0053,0.007380073800737907,,-0.0426
1975-10-01,0.1058,0.0891,0.0571,-0.0134,0.084,0.0682,0.0992,0.1067,0.0655,0.0391,0.00010549450549452583,0.005600000000000001,0.005494505494505475,,0.053200000000000004
1975-11-01,0.0409,0.0327,0.0297,-0.016399999999999998,0.0506,0.042800000000000005,0.0466,0.0513,0.0316,0.0358,-0.003185974499089188,0.0040999999999999995,0.007285974499089187,,0.0265
1975-12-01,-0.0149,-0.0045000000000000005,-0.013600000000000001,0.0009,-0.0126,-0.0012,-0.0304,-0.0636,0.013500000000000002,-0.0026,-0.0006249547920435241,0.0048,0.005424954792043524,,-0.016
1976-01-01,0.1094,0.1564,0.1685,0.0848,0.18289999999999998,0.0949,0.08990000000000001,0.0774,0.08310000000000001,0.1293,0.0011028776978417483,0.004699999999999999,0.003597122302158251,,0.1215
1976-02-01,-0.0109,0.0387,0.0173,-0.0316,0.0115,0.0354,0.046799999999999994,-0.06559999999999999,-0.0355,0.0318,0.001607885304659426,0.0034000000000000002,0.0017921146953405742,,0.0031
1976-03-01,0.0072,0.0354,0.0113,0.0722,0.029300000000000003,0.005699999999999999,0.0344,0.0654,0.014499999999999999,0.02,0.0022110912343469256,0.004,0.0017889087656530744,,0.0232
1976-04-01,-0.0166,0.018500000000000003,-0.014199999999999999,0.021400000000000002,-0.0341,0.0172,-0.0467,-0.0431,0.0063,-0.015600000000000001,0.0024142857142857204,0.0042,0.0017857142857142794,,-0.0149
1976-05-01,-0.0217,-0.0313,-0.012199999999999999,0.0553,0.0049,-0.028999999999999998,-0.057699999999999994,-0.0282,-0.0147,-0.0171,-0.0016475935828877217,0.0037,0.005347593582887722,,-0.0134
1976-06-01,0.0364,0.0424,0.037000000000000005,0.0509,0.0821,0.0359,0.0147,0.036699999999999997,0.0426,0.0536,-0.0010191489361703592,0.0043,0.005319148936170359,,0.0406
1976-07-01,0.0148,-0.010700000000000001,-0.018500000000000003,-0.0062,-0.022000000000000002,0.0125,-0.022400000000000003,-0.0038,0.0282,-0.0005,-0.0005910052910053469,0.004699999999999999,0.005291005291005346,,-0.0106
1976-08-01,-0.0034000000000000002,-0.0146,-0.017,-0.0089,-0.0085,0.047400000000000005,0.0286,0.0217,0.0297,-0.0116,-0.0010631578947368587,0.0042,0.0052631578947368585,,-0.005699999999999999
1976-09-01,0.0159,0.0449,0.011000000000000001,0.0592,0.0291,0.016,0.0045000000000000005,0.0363,0.0408,0.0092,-0.0008356020942410095,0.0044,0.00523560209424101,,0.0206
1976-10-01,-0.016200000000000003,-0.0116,-0.032799999999999996,-0.0242,-0.045,0.0129,-0.0091,-0.0374,-0.008100000000000001,-0.0043,-0.0011083333333332598,0.0040999999999999995,0.005208333333333259,,-0.0242
1976-11-01,0.0174,-0.0070999999999999995,-0.0037,0.0083,0.016200000000000003,0.0315,0.048499999999999995,-0.09759999999999999,0.0315,0.0199,0.0005457685664940169,0.004,0.003454231433505983,,0.0036
1976-12-01,0.0521,0.0967,0.0581,0.0633,0.0387,0.0345,0.0233,0.0629,0.065,0.08380000000000001,-0.0011635111876076056,0.004,0.005163511187607606,,0.0565
1977-01-01,-0.0408,-0.04190000000000001,-0.0596,0.0029,-0.038599999999999995,0.0012,-0.0713,-0.0883,0.0084,-0.0416,-0.0015369863013699392,0.0036,0.005136986301369939,,-0.0403
1977-02-01,-0.0139,-0.0348,-0.0063,-0.0301,-0.0060999999999999995,0.0098,-0.0184,-0.0021,-0.0342,-0.0173,-0.006721465076660996,0.0034999999999999996,0.010221465076660996,,-0.0194
1977-03-01,-0.013999999999999999,-0.0335,-0.0027,-0.0207,-0.0003,-0.0104,-0.0275,-0.0179,0.0018,-0.0009,-0.0012590219224284638,0.0038,0.005059021922428464,,-0.013500000000000002
1977-04-01,0.0052,0.0316,0.0049,0.0252,-0.0345,0.0066,-0.0344,-0.052199999999999996,0.0194,0.0213,-0.0029114093959730337,0.0038,0.006711409395973034,,0.0015
1977-05-01,-0.009399999999999999,-0.0053,-0.0298,-0.0043,-0.0152,0.0143,-0.0278,-0.0189,0.0167,-0.0089,0.00036666666666658985,0.0037,0.0033333333333334103,,-0.0147
1977-06-01,0.0453,0.0429,0.034,0.060899999999999996,0.07769999999999999,0.0194,0.060899999999999996,0.09029999999999999,0.0571,0.053399999999999996,-0.000983388704318914,0.004,0.004983388704318914,,0.0472
1977-07-01,0.0118,-0.024300000000000002,-0.0362,-0.018000000000000002,-0.0016,-0.0085,-0.0022,-0.0223,0.0087,-0.0039000000000000003,-0.0007586776859502637,0.0042,0.0049586776859502635,,-0.0169
1977-08-01,0.0011,-0.0085,-0.0127,-0.0584,0.005,-0.022799999999999997,0.0463,0.0384,-0.0325,-0.0118,-0.0005342105263159294,0.0044,0.00493421052631593,,-0.0176
1977-09-01,0.0027,0.0155,-0.009300000000000001,0.0074,-0.0178,0.0348,-0.006999999999999999,-0.0089,0.020099999999999996,-0.001,0.0010266775777414711,0.0043,0.003273322422258529,,-0.0027
1977-10-01,-0.0335,-0.0446,-0.0463,-0.0355,-0.0322,-0.050499999999999996,-0.0318,-0.0175,-0.0315,-0.0441,6.035889069984021e-06,0.0049,0.004893964110930016,,-0.043899999999999995
1977-11-01,0.045899999999999996,0.0187,0.0433,0.0347,0.0528,0.0216,0.0555,0.060899999999999996,0.0429,0.0649,-0.001493506493506551,0.005,0.006493506493506551,,0.04
1977-12-01,0.0001,-0.0075,0.0074,0.0189,0.023799999999999998,0.0215,-0.0123,0.0062,-0.0033,0.0062,6.129032258060489e-05,0.0049,0.004838709677419395,,0.0027
1978-01-01,-0.053,-0.0682,-0.0603,-0.0693,-0.047400000000000005,-0.0416,-0.0684,-0.0189,-0.0454,-0.0529,-0.0015205457463886175,0.0049,0.006420545746388617,,-0.06
1978-02-01,0.0011,0.0038,-0.0263,-0.0109,-0.0347,0.0416,-0.0044,-0.0302,-0.0042,-0.0016,-0.00018468899521522503,0.0046,0.004784688995215225,,-0.0139
1978-03-01,0.0417,0.061,0.039,0.020499999999999997,-0.0060999999999999995,0.0262,0.0285,0.0417,0.0248,0.0546,-0.0010492063492063266,0.0053,0.006349206349206327,,0.0285
1978-04-01,0.0692,0.09630000000000001,0.11380000000000001,0.067,0.1329,0.029300000000000003,0.10830000000000001,0.0924,0.0018,0.09359999999999999,-0.0024864353312302346,0.0054,0.007886435331230235,,0.0787
1978-05-01,0.042300000000000004,0.0018,0.040999999999999995,0.0086,0.0167,-0.0039000000000000003,0.0126,0.051699999999999996,0.0070999999999999995,0.026000000000000002,-0.0042896713615022605,0.0051,0.009389671361502261,,0.0176
1978-06-01,-0.0026,-0.0277,-0.0147,-0.0374,-0.0036,-0.0154,-0.0197,0.011399999999999999,0.0083,-0.0034999999999999996,-0.0023519379844961375,0.0054,0.007751937984496138,,-0.0169
1978-07-01,0.035,0.0473,0.0784,0.0334,0.0858,0.0143,0.0513,0.08869999999999999,0.0282,0.0664,-0.002092307692307664,0.005600000000000001,0.007692307692307665,,0.0512
1978-08-01,0.041100000000000005,0.0297,0.0394,0.0513,0.0602,0.0353,0.057,0.0097,0.0045000000000000005,0.0653,-0.0005068702290076874,0.005600000000000001,0.006106870229007688,,0.0378
1978-09-01,-0.004,-0.0051,-0.0212,0.047599999999999996,-0.0418,0.012199999999999999,-0.0264,-0.0271,-0.0025,-0.014499999999999999,-0.002904704097116834,0.0062,0.009104704097116834,,-0.0144
1978-10-01,-0.1158,-0.1118,-0.11359999999999999,-0.1061,-0.1076,-0.045,-0.1418,-0.1284,-0.071,-0.1411,-0.002222556390977376,0.0068000000000000005,0.009022556390977376,,-0.11900000000000001
1978-11-01,0.0219,0.0068000000000000005,0.0287,0.061799999999999994,0.0508,0.0302,0.0263,0.0518,0.03,0.025099999999999997,0.0010387481371086846,0.006999999999999999,0.005961251862891315,,0.0271
1978-12-01,0.0168,-0.0062,0.0141,0.0282,0.064,0.001,-0.0066,0.0342,-0.0125,0.0129,0.0018740740740738884,0.0078000000000000005,0.005925925925926112,,0.0087
1979-01-01,0.0418,0.0506,0.06509999999999999,0.030899999999999997,0.043,0.0366,0.057300000000000004,0.014199999999999999,0.0637,0.0603,-0.0011365243004417946,0.0077,0.008836524300441795,,0.042199999999999994
1979-02-01,-0.0349,-0.036000000000000004,-0.0449,0.0060999999999999995,-0.0332,-0.006500000000000001,-0.044199999999999996,-0.0452,-0.016399999999999998,-0.0321,-0.0029189781021897463,0.0073,0.010218978102189746,,-0.0356
1979-03-01,0.0415,0.066,0.07339999999999999,0.0928,0.0761,0.0016,0.061200000000000004,0.0504,0.0232,0.0816,-0.0020156069364163313,0.008100000000000001,0.010115606936416333,,0.0567
1979-04-01,0.002,0.029300000000000003,-0.0046,0.0433,0.0033,-0.0215,0.0088,0.0043,-0.0275,0.0149,-0.0020143061516451136,0.008,0.010014306151645114,,-0.0007000000000000001
1979-05-01,-0.0178,-0.0069,-0.0229,-0.0246,-0.019799999999999998,0.0009,-0.024399999999999998,-0.0264,0.0144,-0.0028000000000000004,-0.003131444759207,0.008199999999999999,0.011331444759206999,,-0.022000000000000002
1979-06-01,0.0332,0.03,0.0349,0.09269999999999999,0.005,0.019299999999999998,0.027999999999999997,0.0483,0.049699999999999994,0.07,-0.0031044817927170457,0.008100000000000001,0.011204481792717047,,0.0384
1979-07-01,0.0203,0.0206,0.0202,0.0158,-0.0149,-0.0011,0.0126,0.0015,0.0207,0.0331,-0.003380332409972193,0.0077,0.011080332409972193,,0.0083
1979-08-01,0.0756,0.0472,0.0771,0.0793,0.0591,0.0152,0.0888,0.0858,0.020499999999999997,0.057800000000000004,-0.0018890410958905379,0.0077,0.009589041095890538,,0.0554
1979-09-01,-0.0187,0.0039000000000000003,-0.0069,0.0592,-0.0175,-0.023799999999999998,-0.0075,-0.0055000000000000005,-0.0219,-0.0066,-0.0011979647218453866,0.0083,0.009497964721845387,,-0.0083
1979-10-01,-0.0766,-0.0928,-0.0885,-0.0255,-0.0774,-0.0507,-0.0889,-0.0434,-0.0583,-0.1015,-0.002052688172043002,0.0087,0.010752688172043001,,-0.081
1979-11-01,0.0516,-0.022000000000000002,0.0472,0.0892,0.0818,0.0406,0.0383,0.08789999999999999,0.07780000000000001,0.0703,-0.0007382978723404973,0.009899999999999999,0.010638297872340496,,0.052199999999999996
1979-12-01,0.0337,0.0326,0.0446,0.024900000000000002,0.0179,-0.0152,0.030699999999999998,0.0208,-0.0101,0.0412,-0.0023421052631578763,0.0095,0.011842105263157876,,0.0178
1980-01-01,0.0311,0.0911,0.0706,0.1405,0.0735,-0.0207,0.0131,-0.0129,0.0155,0.0554,-0.006304291287386084,0.008,0.014304291287386084,,0.055
1980-02-01,-0.048600000000000004,-0.0635,-0.025,0.13,-0.0359,-0.013999999999999999,-0.048600000000000004,-0.0464,-0.0342,-0.0337,-0.003920512820512775,0.0089,0.012820512820512775,,-0.0123
1980-03-01,-0.0817,-0.08800000000000001,-0.1177,-0.1791,-0.1267,-0.026600000000000002,-0.09630000000000001,-0.0285,-0.066,-0.1233,-0.001824050632911245,0.0121,0.013924050632911245,,-0.129
1980-04-01,0.064,-0.0175,0.0321,0.06860000000000001,0.0072,0.0733,0.045,0.0429,0.1204,0.0613,0.00261248439450662,0.0126,0.00998751560549338,,0.0395
1980-05-01,0.0795,0.0437,0.0625,0.041299999999999996,0.0481,0.05,0.10679999999999999,0.0697,0.046,0.0809,-0.0017887515451173678,0.008100000000000001,0.009888751545117369,,0.0526
1980-06-01,0.029900000000000003,0.0279,0.023399999999999997,0.0584,0.030299999999999997,-0.005699999999999999,0.0242,0.0022,0.0455,0.0509,-0.0036919216646267242,0.0060999999999999995,0.009791921664626724,,0.0298
1980-07-01,0.0774,0.1175,0.10830000000000001,0.020099999999999996,0.1548,0.01,0.1082,0.0888,-0.0012,0.0684,0.00408787878787878,0.0053,0.00121212121212122,,0.06509999999999999
1980-08-01,0.0147,0.015300000000000001,0.0158,0.0366,0.0366,0.063,0.018000000000000002,0.0027,-0.011699999999999999,0.027000000000000003,-0.0008639225181598818,0.0064,0.007263922518159882,,0.0175
1980-09-01,0.002,0.009300000000000001,0.028300000000000002,0.0653,0.0199,-0.016200000000000003,0.0128,0.0362,0.0012,0.0382,-0.0009134615384616754,0.0075,0.008413461538461675,,0.0219
1980-10-01,0.0029,-0.0172,0.0042,0.0776,0.0196,-0.0321,-0.0115,-0.0124,0.0192,0.015600000000000001,-3.516090584027888e-05,0.0095,0.009535160905840279,,0.0104
1980-11-01,0.009300000000000001,0.0489,0.08410000000000001,0.243,0.0983,-0.0046,0.0258,0.0888,0.0739,0.0767,-0.001025737898465105,0.0096,0.010625737898465104,,0.096
1980-12-01,0.01,-0.0108,-0.0207,-0.1059,-0.011399999999999999,0.012199999999999999,-0.0139,0.0461,-0.0192,0.0004,0.003754205607476524,0.0131,0.009345794392523477,,-0.0446
1981-01-01,0.0203,-0.022400000000000003,-0.0196,-0.1016,-0.08070000000000001,0.0555,0.0044,-0.016200000000000003,-0.0256,-0.0336,0.0011407407407406991,0.0104,0.0092592592592593,,-0.0506
1981-02-01,0.0248,0.0645,0.0438,-0.0031,0.004699999999999999,0.0213,0.0268,0.018000000000000002,-0.0127,0.0167,0.0015256880733945516,0.010700000000000001,0.00917431192660545,,0.0060999999999999995
1981-03-01,0.0694,0.0698,0.0605,-0.020499999999999997,0.049800000000000004,0.011699999999999999,0.1284,0.0587,0.03,0.09029999999999999,0.005281818181818165,0.0121,0.006818181818181834,,0.036699999999999997
1981-04-01,0.0115,0.0187,-0.0102,-0.078,0.0017000000000000001,0.062,0.028900000000000002,0.030299999999999997,-0.0269,0.0033,0.005156659142212163,0.0108,0.0056433408577878375,,-0.0216
1981-05-01,0.0265,0.0288,-0.0040999999999999995,-0.0395,0.0426,0.0721,0.0286,0.0346,0.0184,0.027999999999999997,0.004765993265993074,0.0115,0.006734006734006925,,0.0013
1981-06-01,-0.0018,-0.043,-0.0125,0.0471,-0.0674,-0.0191,-0.0143,-0.055999999999999994,0.0346,-0.013600000000000001,0.004581382385730293,0.013500000000000002,0.008918617614269708,,-0.023399999999999997
1981-07-01,-0.0076,-0.0291,-0.0286,0.0794,-0.0379,0.0034000000000000002,-0.034,-0.039,0.027999999999999997,-0.0273,0.0013502762430939504,0.0124,0.011049723756906049,,-0.0155
1981-08-01,-0.0493,-0.0793,-0.0692,-0.0634,-0.0731,-0.0077,-0.056100000000000004,-0.0775,-0.0085,-0.0552,0.005149726775956232,0.0128,0.007650273224043769,,-0.0702
1981-09-01,-0.0217,-0.0296,-0.0717,-0.12300000000000001,-0.0391,0.028399999999999998,-0.0363,-0.0129,-0.0554,-0.0529,0.0026386117136661166,0.0124,0.009761388286333883,,-0.0719
1981-10-01,0.0741,-0.0415,0.037000000000000005,0.096,0.0521,0.0602,0.0676,0.0796,0.0489,0.07150000000000001,0.008877658431793556,0.0121,0.003222341568206444,,0.0492
1981-11-01,0.026600000000000002,0.048600000000000004,0.0467,0.06849999999999999,0.015,0.027000000000000003,0.010700000000000001,0.0394,0.059500000000000004,0.050499999999999996,0.006417344753747514,0.010700000000000001,0.004282655246252487,,0.034
1981-12-01,-0.0181,0.004699999999999999,-0.0166,-0.0641,-0.0002,-0.014499999999999999,-0.0192,-0.0074,-0.0235,-0.0379,0.005501705756929612,0.0087,0.0031982942430703876,,-0.0363
1982-01-01,-0.0092,0.0116,-0.033,-0.08470000000000001,0.027000000000000003,0.0067,0.0013,0.0144,-0.0067,-0.0318,0.004811902231668379,0.008,0.0031880977683316214,,-0.0323
1982-02-01,-0.0194,-0.020499999999999997,-0.0562,-0.11199999999999999,-0.053200000000000004,-0.056900000000000006,-0.0141,-0.0174,-0.0034000000000000002,-0.0392,0.006022033898305149,0.0092,0.0031779661016948513,,-0.058600000000000006
1982-03-01,0.024700000000000003,0.0351,-0.0177,-0.0341,-0.0356,0.020499999999999997,0.042800000000000005,-0.0256,0.0166,-0.0126,0.0098,0.0098,0.0,,-0.0182
1982-04-01,0.0668,0.0444,0.0325,0.0431,0.07440000000000001,-0.013600000000000001,0.053099999999999994,0.0739,0.0385,0.0364,0.008132101372756129,0.0113,0.0031678986272438703,,0.032400000000000005
1982-05-01,-0.0329,-0.0195,-0.0475,0.023399999999999997,-0.0545,0.002,-0.0273,-0.0305,-0.0054,-0.0559,0.0011263157894736992,0.0106,0.0094736842105263,,-0.0393
1982-06-01,0.0166,0.026699999999999998,-0.025699999999999997,-0.0626,-0.023799999999999998,-0.0245,0.0265,-0.0075,-0.022099999999999998,-0.0242,-0.0018702815432741198,0.0096,0.011470281543274119,,-0.0308
1982-07-01,-0.0045000000000000005,-0.0033,-0.0233,-0.08109999999999999,0.0151,0.012,0.0022,0.0078000000000000005,-0.0259,-0.030299999999999997,0.005345360824742287,0.0105,0.005154639175257714,,-0.032
1982-08-01,0.0916,0.1386,0.1396,0.1005,0.1286,0.1085,0.126,0.1244,0.1208,0.11359999999999999,0.005548717948717867,0.0076,0.002051282051282133,,0.11230000000000001
1982-09-01,0.051399999999999994,-0.0075,-0.0104,0.018500000000000003,0.011699999999999999,0.01,0.04769999999999999,0.013600000000000001,0.010700000000000001,0.042,0.0051,0.0051,0.0,,0.0131
1982-10-01,0.10460000000000001,0.16519999999999999,0.1306,0.055,0.1699,0.0812,0.16870000000000002,0.08220000000000001,0.0473,0.1568,0.001805834186284533,0.0059,0.004094165813715467,,0.113
1982-11-01,0.052300000000000006,0.0825,0.0579,-0.0458,0.1069,0.06,0.1119,0.051699999999999996,0.0012,0.0757,0.007319367991844988,0.0063,-0.0010193679918449883,,0.046799999999999994
1982-12-01,0.0097,0.030299999999999997,0.0073,0.0553,0.0265,-0.0123,-0.0207,0.0058,0.0434,-0.013600000000000001,0.009761224489795845,0.0067,-0.003061224489795844,,0.005600000000000001
1983-01-01,-0.0101,0.051699999999999996,0.050300000000000004,0.0364,0.08380000000000001,0.1244,0.0126,0.014199999999999999,0.036699999999999997,0.0285,0.0048529170931422665,0.0069,0.0020470829068577334,,0.0359
1983-02-01,0.037599999999999995,0.0364,0.0406,-0.0059,0.0361,-0.0037,0.0791,0.028300000000000002,0.0159,0.045599999999999995,0.005178549540347371,0.0062,0.0010214504596526286,,0.0259
1983-03-01,0.07519999999999999,-0.0115,0.021,0.0593,0.0066,0.0064,0.0851,0.0454,0.0025,0.0495,0.005279591836734793,0.0063,0.0010204081632652073,,0.0281
1983-04-01,0.062,0.10880000000000001,0.0634,0.09359999999999999,0.07490000000000001,0.051399999999999994,0.0858,0.050499999999999996,0.0478,0.0834,-3.5575942915473495e-05,0.0070999999999999995,0.007135575942915473,,0.0666
1983-05-01,-0.0095,-0.0208,0.020099999999999996,0.013300000000000001,0.027999999999999997,-0.0131,0.004699999999999999,-0.0275,0.0254,0.023700000000000002,0.0028514170040484337,0.0069,0.004048582995951566,,0.0051
1983-06-01,0.0319,0.1032,0.0158,0.0643,0.0613,0.0018,0.0611,0.0692,-0.0055000000000000005,0.0168,0.004683870967741993,0.0067,0.002016129032258007,,0.030699999999999998
1983-07-01,-0.026600000000000002,-0.039,-0.0258,-0.0227,-0.0536,-0.051699999999999996,-0.032799999999999996,-0.056799999999999996,0.0102,-0.0364,0.0033758551307849043,0.0074,0.004024144869215096,,-0.0406
1983-08-01,0.0072,-0.023700000000000002,0.006,0.0687,-0.0111,0.022000000000000002,-0.0473,-0.0101,0.0152,-0.0091,0.004593987975951956,0.0076,0.0030060120240480437,,-0.005
1983-09-01,0.0466,0.043899999999999995,0.022799999999999997,-0.046,0.0216,0.0226,0.0219,0.013000000000000001,0.0466,0.016,0.0046029970029969934,0.0076,0.0029970029970030065,,0.0092
1983-10-01,-0.0021,0.0004,-0.0229,-0.020499999999999997,-0.0695,-0.0519,-0.0177,-0.0218,0.0305,-0.0407,0.003615936254980083,0.0076,0.003984063745019917,,-0.034300000000000004
1983-11-01,0.023,0.042300000000000004,0.06480000000000001,-0.0045000000000000005,0.0233,0.0317,0.0444,-0.030299999999999997,-0.016399999999999998,0.0472,0.004023809523809534,0.006999999999999999,0.0029761904761904656,,0.0217
1983-12-01,-0.004699999999999999,0.0092,-0.0111,0.021,0.0036,-0.015300000000000001,-0.0472,-0.0363,-0.0364,-0.0087,0.004332640949554683,0.0073,0.0029673590504453173,,-0.0177
1984-01-01,-0.0070999999999999995,-0.0538,-0.0349,0.09849999999999999,-0.062,0.040999999999999995,-0.058499999999999996,-0.005699999999999999,0.0144,-0.0163,0.0006966469428008647,0.0076,0.006903353057199135,,-0.0192
1984-02-01,-0.0565,-0.060899999999999996,-0.0659,0.039599999999999996,-0.0593,-0.0368,-0.044500000000000005,-0.0203,-0.0334,-0.0493,0.002202840352595441,0.0070999999999999995,0.004897159647404559,,-0.04769999999999999
1984-03-01,0.0163,0.0037,0.0329,0.0027,0.0179,-0.043,0.0121,-0.0067,-0.0031,0.0245,0.0043760233918127825,0.0073,0.0029239766081872176,,0.006500000000000001
1984-04-01,0.005699999999999999,0.0132,-0.0013,0.0398,-0.0043,0.022000000000000002,0.0034000000000000002,0.0232,-0.005,-0.0203,0.00421273080660845,0.008100000000000001,0.0038872691933915515,,-0.0051
1984-05-01,-0.0241,-0.0579,-0.0581,-0.0512,-0.055999999999999994,-0.035699999999999996,-0.0518,-0.0646,-0.0083,-0.0688,0.005863891577928298,0.0078000000000000005,0.0019361084220717029,,-0.059800000000000006
1984-06-01,0.0632,0.021099999999999997,0.0319,-0.02,0.0179,0.12210000000000001,0.07400000000000001,0.038599999999999995,0.0044,0.0222,0.0055676328502415814,0.0075,0.0019323671497584183,,0.0181
1984-07-01,-0.015700000000000002,0.0253,-0.0147,-0.0747,-0.0245,0.0281,0.0012,-0.0377,-0.0001,-0.0187,0.004342719382835161,0.008199999999999999,0.0038572806171648377,,-0.027200000000000002
1984-08-01,0.08689999999999999,0.1,0.11900000000000001,0.1401,0.1396,0.0672,0.0986,0.10439999999999999,0.07780000000000001,0.1109,0.005418155619596491,0.0083,0.0028818443804035088,,0.1027
1984-09-01,0.0126,-0.002,-0.025699999999999997,0.0225,-0.0394,0.0292,0.0006,-0.044199999999999996,0.048600000000000004,0.0218,0.005726436781609282,0.0086,0.002873563218390718,,-0.008
1984-10-01,0.0138,0.0215,0.0059,-0.0435,-0.0055000000000000005,-0.008,-0.0069,0.0166,0.0335,0.0077,0.0061795606494747714,0.01,0.0038204393505252288,,-0.0084
1984-11-01,0.0038,-0.030299999999999997,-0.013500000000000002,-0.009899999999999999,-0.038,-0.0024,-0.0291,-0.0008,0.030600000000000002,-0.0034000000000000002,0.005397050428163657,0.0073,0.0019029495718363432,,-0.0177
1984-12-01,0.024399999999999998,0.0461,0.0216,-0.005699999999999999,0.0254,0.0512,0.0076,0.0271,0.0265,0.0377,0.004500664767331392,0.0064,0.0018993352326686086,,0.018500000000000003
1985-01-01,0.0484,0.0984,0.08470000000000001,0.0654,0.12560000000000002,0.058600000000000006,0.1313,0.08310000000000001,0.024,0.0981,0.004604265402843583,0.006500000000000001,0.0018957345971564177,,0.0797
1985-02-01,0.0507,-0.015700000000000002,0.013300000000000001,0.0388,-0.0132,0.0269,0.021,0.036000000000000004,0.0137,0.0206,0.00012355723746468317,0.0058,0.005676442762535316,,0.012199999999999999
1985-03-01,0.0464,-0.052300000000000006,-0.0276,0.014499999999999999,-0.0602,0.0548,-0.0060999999999999995,0.030699999999999998,0.0613,-0.0016,0.0014963311382878595,0.0062,0.00470366886171214,,-0.0083
1985-04-01,-0.0213,-0.0345,-0.0149,0.038,-0.0364,0.009000000000000001,0.0004,-0.0177,0.016,0.0144,0.005327340823969922,0.0072,0.0018726591760300781,,-0.0096
1985-05-01,0.07980000000000001,0.059000000000000004,0.060899999999999996,0.0062,0.028399999999999998,0.0663,0.096,0.09369999999999999,0.0538,0.063,0.004730841121495305,0.0066,0.0018691588785046953,,0.0507
1985-06-01,0.0276,0.0149,0.0151,-0.0064,-0.006999999999999999,0.040999999999999995,0.016,0.0227,0.0362,0.0286,0.0027014925373133837,0.0055000000000000005,0.002798507462686617,,0.0127
1985-07-01,-0.0262,0.0254,0.0341,-0.0059,0.0441,-0.045700000000000005,-0.039900000000000005,-0.004699999999999999,-0.04650000000000001,-0.0016,0.00433953488372098,0.0062,0.0018604651162790198,,-0.0072
1985-08-01,0.006999999999999999,-0.030299999999999997,-0.011399999999999999,0.0158,-0.0253,0.0053,-0.0060999999999999995,-0.008199999999999999,0.0192,-0.0038,0.00364298978644378,0.0055000000000000005,0.0018570102135562205,,-0.0101
1985-09-01,-0.005699999999999999,-0.030899999999999997,-0.0398,-0.013000000000000001,-0.047400000000000005,-0.0408,-0.0433,-0.0392,-0.0538,-0.049800000000000004,0.004146431881371754,0.006,0.001853568118628246,,-0.0451
1985-10-01,0.035699999999999996,0.0098,0.0329,0.059500000000000004,0.0302,0.0416,0.0683,0.0287,0.0633,0.064,0.002799722479185857,0.006500000000000001,0.0037002775208141436,,0.04
1985-11-01,0.0823,0.09880000000000001,0.0794,0.0034000000000000002,0.0866,0.0741,0.0797,0.0956,0.040999999999999995,0.0742,0.0014917050691243324,0.0060999999999999995,0.004608294930875667,,0.0646
1985-12-01,0.0546,0.07,0.044800000000000006,-0.0268,0.0827,0.0603,0.0454,0.0352,0.049800000000000004,0.0447,0.0019128440366971648,0.006500000000000001,0.004587155963302836,,0.0388
1986-01-01,0.0179,0.0209,0.016200000000000003,-0.068,-0.0029,-0.0378,0.0165,0.0106,0.0379,0.0354,0.0019470319634701874,0.005600000000000001,0.0036529680365298134,,0.006500000000000001
1986-02-01,0.10830000000000001,0.1074,0.1024,0.0087,0.0496,0.0739,0.0782,0.060700000000000004,0.0659,0.0834,0.007119836214740689,0.0053,-0.0018198362147406888,,0.07139999999999999
1986-03-01,0.0812,0.0784,0.0599,0.0095,-0.0008,0.0418,0.08560000000000001,0.1208,0.0398,0.0576,0.011469462169553352,0.006,-0.005469462169553352,,0.049100000000000005
1986-04-01,0.0043,-0.0331,-0.0161,0.0075,0.0392,0.024300000000000002,0.004,0.0070999999999999995,-0.0393,-0.025699999999999997,0.008866361136571927,0.0052,-0.0036663611365719273,,-0.0128
1986-05-01,0.08869999999999999,0.030600000000000002,0.0441,0.0736,0.0095,0.045899999999999996,0.0977,0.0725,0.0363,0.0466,0.0021401103955841338,0.0049,0.002759889604415866,,0.0462
1986-06-01,0.0632,-0.011699999999999999,-0.0004,-0.020499999999999997,-0.0387,0.0538,0.0394,0.056799999999999996,0.050499999999999996,0.0154,0.0015302752293576867,0.0052,0.003669724770642313,,0.0106
1986-07-01,-0.057300000000000004,-0.0895,-0.0751,-0.0512,-0.0834,-0.0298,-0.09390000000000001,-0.0536,0.0513,-0.0643,0.004285923217550409,0.0052,0.000914076782449591,,-0.0643
1986-08-01,0.0258,0.0701,0.0646,0.1673,0.0698,0.0684,0.0166,0.04,0.07919999999999999,0.0681,0.0036867579908675466,0.0046,0.0009132420091324533,,0.060700000000000004
1986-09-01,-0.1085,-0.0812,-0.0655,-0.0088,-0.0697,-0.0944,-0.08460000000000001,-0.126,-0.0911,-0.0883,0.0008503649635034881,0.0045000000000000005,0.0036496350364965124,,-0.0859
1986-10-01,0.0886,0.0601,0.0647,0.0191,0.0059,0.0463,0.0731,0.07980000000000001,0.0521,0.042,0.002781818181818059,0.0046,0.001818181818181941,,0.0464
1986-11-01,0.0072,0.0464,0.024399999999999998,0.0325,0.0355,0.0398,0.0161,0.0137,0.0055000000000000005,-0.0066,0.002085117967332003,0.0039000000000000003,0.001814882032667997,,0.011699999999999999
1986-12-01,-0.0322,-0.025699999999999997,-0.019799999999999998,-0.0046,-0.036699999999999997,-0.0371,-0.0599,-0.012199999999999999,-0.033,-0.0258,0.0012768115942028823,0.0049,0.0036231884057971175,,-0.0326
1987-01-01,0.1446,0.1866,0.1444,0.14150000000000001,0.16399999999999998,0.053,0.11720000000000001,0.1315,0.09300000000000001,0.1117,-0.0012151624548737234,0.0042,0.005415162454873723,,0.1245
1987-02-01,0.056100000000000004,0.0359,0.0478,-0.0176,0.0943,0.0003,0.0981,0.1112,-0.0215,0.0466,0.0007093357271095464,0.0043,0.0035906642728904536,,0.0438
1987-03-01,0.011399999999999999,0.0443,0.034,0.1183,0.026099999999999998,0.0139,0.0168,0.0015,-0.0168,-0.0036,0.0011221824686940725,0.004699999999999999,0.003577817531305927,,0.0163
1987-04-01,-0.0368,0.041100000000000005,-0.015600000000000001,0.0011,0.043899999999999995,-0.024700000000000003,-0.027000000000000003,-0.0245,-0.0433,-0.0407,-5.632798573969398e-05,0.0044,0.004456327985739694,,-0.0209
1987-05-01,0.0263,-0.0129,0.0033,0.0302,0.0029,0.0329,-0.0005,0.0125,-0.018500000000000003,-0.0001,0.0011380656610471018,0.0038,0.002661934338952898,,0.0011
1987-06-01,0.0679,0.0278,0.0519,0.0583,-0.0002,0.0695,0.0626,0.0478,0.034,0.0462,0.0003752212389381568,0.0048,0.004424778761061843,,0.0391
1987-07-01,0.057300000000000004,0.0693,0.0702,0.0319,0.0096,0.0584,0.057,0.0579,-0.0167,0.0355,0.001956828193832534,0.0046,0.002643171806167466,,0.0384
1987-08-01,0.036699999999999997,0.056600000000000004,0.0285,0.019299999999999998,0.0746,0.0508,0.0333,0.022099999999999998,0.0371,0.0433,0.0003063268892794131,0.004699999999999999,0.004393673110720586,,0.0352
1987-09-01,-0.0277,-0.0383,0.0029,-0.038599999999999995,-0.0268,0.0334,-0.0637,-0.025699999999999997,-0.0231,-0.018000000000000002,0.0010004374453192431,0.0045000000000000005,0.0034995625546807574,,-0.0258
1987-10-01,-0.20980000000000001,-0.2658,-0.2733,-0.1885,-0.2582,-0.1216,-0.2791,-0.203,-0.0693,-0.2372,0.003384481255449096,0.006,0.0026155187445509043,,-0.23190000000000002
1987-11-01,-0.08,-0.0833,-0.0516,-0.1066,-0.0987,-0.08900000000000001,-0.08650000000000001,-0.0931,-0.0255,-0.06570000000000001,2.1739130434624693e-05,0.0034999999999999996,0.003478260869565375,,-0.0776
1987-12-01,0.0756,0.0876,0.10869999999999999,0.0675,0.1189,0.0391,0.0859,0.0535,0.005600000000000001,0.053899999999999997,0.002166897746967086,0.0039000000000000003,0.0017331022530329143,,0.0682
1988-01-01,0.0304,0.042800000000000005,0.0028000000000000004,0.0843,-0.0248,0.1003,0.0562,0.0637,0.0977,0.06309999999999999,-0.0005602076124568006,0.0029,0.0034602076124568004,,0.0421
1988-02-01,0.0604,0.0645,0.0776,0.0361,0.0748,0.0124,0.1027,0.0421,-0.0141,0.0433,0.0028758620689655692,0.0046,0.0017241379310344307,,0.04769999999999999
1988-03-01,-0.0152,-0.0362,-0.0134,0.0262,-0.046900000000000004,-0.039599999999999996,-0.0115,-0.024900000000000002,-0.0318,-0.013500000000000002,0.0018182444061963085,0.0044,0.002581755593803692,,-0.0226
1988-04-01,-0.0017000000000000001,0.027200000000000002,0.016,0.0462,0.0262,0.0074,0.016,-0.020099999999999996,-0.003,-0.0039000000000000003,-0.0014085836909871127,0.0046,0.006008583690987113,,0.005699999999999999
1988-05-01,-0.0026,0.0096,-0.0040999999999999995,-0.0040999999999999995,-0.0134,0.023399999999999997,-0.0141,-0.0037,0.0362,0.009399999999999999,0.00254027303754268,0.0051,0.0025597269624573205,,-0.0027
1988-06-01,0.0337,0.0783,0.0757,-0.0208,0.0942,0.0291,0.0644,0.0278,0.0323,0.0603,0.0006446808510639345,0.0049,0.004255319148936065,,0.0478
1988-07-01,0.0131,0.001,-0.022799999999999997,0.0359,-0.049100000000000005,0.0015,-0.009300000000000001,0.0051,-0.0022,-0.0060999999999999995,0.0008627118644067913,0.0051,0.004237288135593209,,-0.0125
1988-08-01,-0.0034000000000000002,-0.0638,-0.044000000000000004,-0.015,-0.0809,-0.028999999999999998,-0.0226,-0.0108,-0.0012,-0.0091,0.0016805907172996295,0.0059,0.00421940928270037,,-0.0331
1988-09-01,0.0669,0.0366,0.035,-0.024700000000000003,0.0288,0.0707,0.0814,0.037599999999999995,0.026699999999999998,0.0406,0.001998319327731107,0.0062,0.004201680672268893,,0.0331
1988-10-01,0.0833,0.0321,0.0076,0.0189,-0.0009,0.0297,0.0139,0.0126,0.025099999999999997,0.0001,0.002752719665271913,0.0060999999999999995,0.0033472803347280866,,0.0116
1988-11-01,-0.012199999999999999,-0.0088,-0.0219,-0.0029,-0.0305,0.0005,-0.027000000000000003,-0.0213,-0.005,-0.0216,0.002363886572143553,0.005699999999999999,0.0033361134278564464,,-0.0227
1988-12-01,0.0327,0.0039000000000000003,0.031400000000000004,0.0183,0.0464,0.0125,0.0159,0.0176,0.0104,0.0091,0.0029749792186200275,0.0063,0.0033250207813799726,,0.0148
1989-01-01,0.055999999999999994,0.0741,0.0746,0.0626,0.0711,0.0836,0.061799999999999994,0.0681,0.026699999999999998,0.06860000000000001,0.001357497928748892,0.0055000000000000005,0.0041425020712511085,,0.060700000000000004
1989-02-01,-0.0127,-0.027999999999999997,-0.021,-0.0128,-0.0374,-0.0137,-0.0187,-0.0124,-0.0178,-0.0052,0.0027996699669967703,0.0060999999999999995,0.0033003300330032292,,-0.0223
1989-03-01,0.057,-0.0159,0.011899999999999999,0.038900000000000004,-0.0533,0.0529,0.0263,0.049100000000000005,0.0055000000000000005,0.035699999999999996,0.0017657894736840705,0.0067,0.00493421052631593,,0.015700000000000002
1989-04-01,0.057999999999999996,0.0033,0.053399999999999996,0.024900000000000002,0.0518,0.09539999999999998,0.0535,0.054299999999999994,0.0397,0.0463,-0.0006649754500817453,0.0067,0.0073649754500817455,,0.0435
1989-05-01,0.0493,0.018600000000000002,0.0368,0.027000000000000003,0.023799999999999998,0.0592,0.0528,0.0337,0.0528,0.0424,0.0030259138911452425,0.0079,0.004874086108854758,,0.032799999999999996
1989-06-01,0.0144,0.014499999999999999,-0.026699999999999998,-0.0101,-0.0317,0.0018,-0.0213,-0.029500000000000002,0.0342,0.0077,0.0038663702506064367,0.0070999999999999995,0.003233629749393563,,-0.013300000000000001
1989-07-01,0.11900000000000001,0.0524,0.0762,0.037599999999999995,0.029500000000000002,0.0913,0.0917,0.13570000000000002,0.0581,0.08109999999999999,0.003776792908944386,0.006999999999999999,0.003223207091055613,,0.0718
1989-08-01,-0.019799999999999998,0.0489,0.0438,0.0352,0.024700000000000003,0.008,0.026099999999999998,0.004,-0.008,0.0322,0.0074,0.0074,0.0,,0.0143
1989-09-01,-0.005699999999999999,-0.0466,-0.025699999999999997,0.013500000000000002,-0.0273,0.0403,-0.0235,0.023399999999999997,0.0048,0.013999999999999999,0.004090361445783059,0.006500000000000001,0.002409638554216942,,-0.0076
1989-10-01,-0.0245,-0.057300000000000004,-0.0434,0.0075,-0.0433,-0.0196,-0.0403,0.0037,0.0101,-0.049,0.00199230769230771,0.0068000000000000005,0.004807692307692291,,-0.0365
1989-11-01,0.0169,-0.011200000000000002,0.030699999999999998,0.039900000000000005,-0.0203,0.021099999999999997,0.012199999999999999,0.045599999999999995,0.032400000000000005,-0.0005,0.002912759170654016,0.0069,0.003987240829345984,,0.0104
1989-12-01,0.0139,-0.013500000000000002,0.0296,0.06,-0.0105,0.058499999999999996,0.012199999999999999,0.0104,0.048,-0.016,0.0029228752978554037,0.0060999999999999995,0.003177124702144596,,0.0118
1990-01-01,-0.0947,-0.0352,-0.06309999999999999,-0.042800000000000005,-0.0147,-0.1304,-0.0641,-0.073,-0.0535,-0.0892,-0.0038011876484560893,0.005699999999999999,0.009501187648456089,25.36,-0.078
1990-02-01,-0.0055000000000000005,0.050499999999999996,0.0256,0.0311,0.0404,-0.0026,0.019299999999999998,-0.0208,0.0021,0.0252,0.0017784313725490329,0.005699999999999999,0.0039215686274509665,21.99,0.011200000000000002
1990-03-01,0.0463,0.0288,0.0388,-0.0059,0.0463,0.042199999999999994,0.0516,0.038,-0.0075,-0.0038,0.0017125000000000447,0.0064,0.004687499999999956,19.73,0.0183
1990-04-01,-0.0017000000000000001,-0.0408,-0.0277,-0.0358,-0.0194,-0.0329,-0.0208,0.0034000000000000002,-0.0552,-0.0342,0.004567185069984308,0.0069,0.002332814930015692,19.52,-0.0336
1990-05-01,0.0909,0.0775,0.08109999999999999,0.0605,0.1241,0.092,0.1153,0.1281,0.054299999999999994,0.09179999999999999,0.005248409619860478,0.0068000000000000005,0.0015515903801395226,17.37,0.0843
1990-06-01,0.0208,-0.022099999999999998,-0.0055000000000000005,-0.0204,-0.0127,-0.047400000000000005,0.015300000000000001,0.044199999999999996,0.0075,-0.0173,0.00010325329202157119,0.0063,0.006196746707978429,15.5,-0.0109
1990-07-01,-0.0079,-0.0345,0.0018,0.083,-0.0764,-0.044199999999999996,-0.0414,0.026699999999999998,0.009000000000000001,-0.0358,0.0021810623556582642,0.0068000000000000005,0.004618937644341736,21.11,-0.019
1990-08-01,-0.0737,-0.1424,-0.12,-0.013000000000000001,-0.1204,-0.1038,-0.1204,-0.0665,-0.0664,-0.113,-0.0018291187739462537,0.0066,0.008429118773946254,29.9,-0.1012
1990-09-01,-0.0407,-0.1063,-0.08,-0.016200000000000003,-0.0655,0.0182,-0.0877,-0.0432,0.0048,-0.09970000000000001,-0.000838905775075954,0.006,0.006838905775075954,29.11,-0.0611
1990-10-01,0.025,-0.0329,-0.019299999999999998,-0.0397,-0.0317,0.0302,-0.0304,0.0146,0.0722,-0.0649,7.547169811189525e-06,0.0068000000000000005,0.006792452830188811,30.04,-0.0192
1990-11-01,0.06559999999999999,0.0417,0.0737,0.016200000000000003,0.11,0.0212,0.1043,0.0968,0.0231,0.1063,0.0034511244377812443,0.005699999999999999,0.002248875562218755,22.16,0.0635
1990-12-01,0.044000000000000004,-0.0040999999999999995,0.0493,-0.0204,0.0407,0.0151,0.033,0.0287,0.0079,0.054900000000000004,0.0022602842183994058,0.006,0.0037397157816005944,26.38,0.0246
1991-01-01,0.051,0.0737,0.063,-0.0203,0.1508,0.0002,0.09390000000000001,0.0478,-0.0137,0.0739,0.0014742175856929003,0.0052,0.0037257824143070994,20.91,0.046900000000000004
1991-02-01,0.10310000000000001,0.1027,0.0584,0.08560000000000001,0.0599,0.030299999999999997,0.08349999999999999,0.1016,0.0484,0.098,0.0040576095025982315,0.0048,0.0007423904974017681,21.23,0.0719
1991-03-01,0.0482,0.012199999999999999,0.0141,0.0129,0.0028000000000000004,0.023,0.086,0.062400000000000004,0.0172,0.030699999999999998,0.0044,0.0044,0.0,16.88,0.026600000000000002
1991-04-01,-0.009899999999999999,-0.022799999999999997,0.005,0.024,-0.0271,0.0113,0.0202,-0.0121,-0.0005,0.0134,0.003074480712166234,0.0053,0.002225519287833766,18.24,-0.0028000000000000004
1991-05-01,0.0361,0.14880000000000002,0.076,-0.014199999999999999,0.0368,-0.0146,0.07719999999999999,0.0447,0.0015,0.049800000000000004,0.0009990377498148746,0.004699999999999999,0.0037009622501851247,15.93,0.0366
1991-06-01,-0.0496,-0.0449,-0.0426,-0.0366,-0.0886,-0.0149,-0.0431,-0.04190000000000001,-0.023700000000000002,-0.0524,0.0012501474926252159,0.0042,0.002949852507374784,19.55,-0.049400000000000006
1991-07-01,0.057699999999999994,-0.0042,0.0311,0.050300000000000004,0.0475,0.0311,0.053099999999999994,0.0851,0.039900000000000005,0.047400000000000005,0.0034294117647058874,0.0049,0.0014705882352941124,15.18,0.0424
1991-08-01,0.0548,-0.0215,0.018600000000000002,0.0163,0.028399999999999998,0.0066,0.036000000000000004,0.029500000000000002,0.0352,0.0321,0.001663142437591754,0.0046,0.002936857562408246,14.46,0.0232
1991-09-01,-0.032400000000000005,-0.026699999999999998,-0.0231,-0.0068000000000000005,-0.0148,0.0037,-0.0316,-0.0033,0.037200000000000004,-0.0067,0.0016717423133235168,0.0046,0.002928257686676483,15.85,-0.0159
1991-10-01,-0.0054,-0.0199,0.0148,0.0206,0.0213,0.019299999999999998,-0.0194,0.0653,0.0125,0.0225,0.002740145985401528,0.0042,0.0014598540145984717,15.48,0.0129
1991-11-01,-0.0042,-0.0802,-0.0557,-0.0775,-0.0432,-0.0475,-0.012,-0.0253,0.019,-0.0541,-0.000473177842565745,0.0039000000000000003,0.004373177842565745,20.26,-0.042
1991-12-01,0.1477,0.0761,0.1158,0.0215,0.0929,0.09849999999999999,0.1304,0.166,0.0501,0.1276,0.0008972423802613171,0.0038,0.002902757619738683,19.31,0.1085
1992-01-01,-0.031200000000000002,0.105,0.0231,-0.041299999999999996,0.0643,-0.0288,0.0028000000000000004,-0.054400000000000004,-0.045700000000000005,0.0199,0.002676410998552578,0.0034000000000000002,0.0007235890014474222,17.4,-0.0059
1992-02-01,0.0105,0.12359999999999999,0.022000000000000002,-0.0054,0.0381,-0.014499999999999999,0.0264,-0.0274,-0.0124,0.030699999999999998,0.0006308026030369153,0.0028000000000000004,0.002169197396963085,16.68,0.0108
1992-03-01,-0.0151,0.008,-0.0116,-0.027200000000000002,-0.0507,-0.0087,-0.013600000000000001,-0.0553,-0.0053,-0.0219,-0.00020750360750361463,0.0034000000000000002,0.003607503607503615,16.18,-0.0265
1992-04-01,0.0076,0.0795,0.030299999999999997,0.0946,-0.009000000000000001,0.071,-0.0351,-0.023,0.0269,0.0062,0.0010432782171098305,0.0032,0.0021567217828901697,15.53,0.0109
1992-05-01,0.0131,-0.019299999999999998,-0.0060999999999999995,0.0315,0.001,-0.026099999999999998,0.0024,0.0111,0.0254,0.0147,0.0006479196556673263,0.0028000000000000004,0.002152080344332674,13.86,0.003
1992-06-01,-0.0281,0.0218,-0.0325,-0.035,-0.0405,0.0149,-0.0192,-0.0478,0.0054,-0.0006,0.0003367215461703905,0.0032,0.0028632784538296097,13.35,-0.0233
1992-07-01,0.0467,0.003,0.0291,0.0528,0.0286,0.0546,0.0383,0.0579,0.0673,0.031200000000000002,0.0002448965024982679,0.0031,0.002855103497501732,13.17,0.0378
1992-08-01,0.0087,-0.09609999999999999,-0.0353,0.0255,-0.0438,-0.0097,-0.005,-0.0346,-0.004699999999999999,-0.0346,0.0004647686832740059,0.0026,0.002135231316725994,13.58,-0.023799999999999998
1992-09-01,0.0106,0.001,0.0179,0.0013,0.0333,0.0191,0.0408,-0.048600000000000004,0.0083,0.0344,0.0004693181818183432,0.0026,0.0021306818181816567,14.28,0.011899999999999999
1992-10-01,-0.008199999999999999,-0.0002,0.0096,-0.035,0.0195,-0.0055000000000000005,0.0436,0.0334,-0.0042,0.0298,-0.0019523033309709302,0.0023,0.00425230333097093,16.15,0.0102
1992-11-01,0.0362,0.0858,0.0393,-0.0271,0.0658,0.0388,0.0708,0.0484,-0.0023,0.0611,-0.0005228652081863093,0.0023,0.0028228652081863093,13.01,0.0414
1992-12-01,0.0005,0.0335,0.0144,0.0199,0.0002,0.0564,0.0060999999999999995,-0.013500000000000002,0.0271,0.038,0.0013925404644615537,0.0028000000000000004,0.0014074595355384467,12.57,0.015300000000000001
1993-01-01,-0.008,0.0958,0.0016,0.0278,0.048,0.013300000000000001,0.0009,-0.0687,0.0246,0.0336,-0.0012137034434293835,0.0023,0.0035137034434293835,12.42,0.009300000000000001
1993-02-01,-0.021400000000000002,-0.003,0.0171,0.0602,-0.0053,0.055999999999999994,-0.0148,-0.0901,0.0623,0.0034999999999999996,9.915966386577586e-05,0.0022,0.0021008403361342243,13.16,0.0012
1993-03-01,0.0,0.054000000000000006,0.022000000000000002,0.0409,0.0225,0.0335,0.0278,0.0073,0.0176,0.038,0.0011023759608664286,0.0025,0.0013976240391335715,12.53,0.0232
1993-04-01,-0.0932,0.024399999999999998,0.0004,0.011000000000000001,-0.0358,-0.0288,-0.0809,0.0129,-0.0015,-0.032799999999999996,-0.0010891835310537635,0.0024,0.0034891835310537633,12.42,-0.0305
1993-05-01,0.026699999999999998,0.011000000000000001,0.023399999999999997,0.0182,0.0874,0.0416,0.0587,0.036000000000000004,-0.0004,0.016399999999999998,-0.0005816411682890506,0.0022,0.0027816411682890507,13.47,0.028900000000000002
1993-06-01,-0.0069,0.0345,-0.0027,-0.0111,-0.0052,0.0464,-0.028900000000000002,-0.0298,0.0319,0.023,0.0018065187239942305,0.0025,0.0006934812760057696,11.26,0.003
1993-07-01,-0.0236,0.0149,-0.0011,0.004699999999999999,-0.0384,0.021400000000000002,0.0073,-0.059800000000000006,0.0194,0.0206,0.0010139986139987987,0.0024,0.001386001386001201,11.73,-0.0034000000000000002
1993-08-01,0.043,0.004699999999999999,0.0348,0.042800000000000005,0.06570000000000001,0.0525,0.0393,0.030299999999999997,0.037000000000000005,0.0347,0.0004238754325259198,0.0025,0.0020761245674740803,11.85,0.037200000000000004
1993-09-01,-0.0184,0.01,-0.0189,0.0134,0.012,-0.0048,-0.0038,0.0084,-0.0064,0.0178,0.0012187845303868825,0.0026,0.0013812154696131174,12.99,-0.0012
1993-10-01,0.0604,0.07730000000000001,0.0308,-0.0197,0.0165,0.0242,0.045899999999999996,0.0593,-0.0197,-0.0233,-0.001937931034482678,0.0022,0.004137931034482678,11.46,0.014199999999999999
1993-11-01,0.0069,0.0067,0.0134,-0.0599,-0.0023,-0.0596,0.0076,0.0098,-0.0552,-0.028300000000000002,-0.00024725274725273744,0.0025,0.0027472527472527375,13.76,-0.0187
1993-12-01,0.0147,0.0444,0.037599999999999995,0.006,0.029500000000000002,-0.0053,-0.018799999999999997,0.0232,0.0161,0.0253,0.00024520547945197993,0.0023,0.00205479452054802,11.66,0.0165
1994-01-01,-0.0040999999999999995,0.0717,0.048499999999999995,0.048799999999999996,0.0462,0.0217,0.011000000000000001,0.0174,-0.012,0.0436,0.0025,0.0025,0.0,10.63,0.0287
1994-02-01,-0.0127,-0.0443,-0.0067,-0.0296,0.0172,-0.055,0.018799999999999997,-0.0542,-0.049800000000000004,-0.0385,-0.0006341079972658112,0.0021,0.002734107997265811,14.87,-0.0255
1994-03-01,-0.0404,-0.06480000000000001,-0.0441,-0.0358,-0.038,-0.0361,-0.0484,-0.0675,-0.0394,-0.0429,-2.665303340158246e-05,0.0027,0.0027266530334015826,20.45,-0.0479
1994-04-01,0.0123,-0.0059,0.0004,0.04190000000000001,-0.015300000000000001,0.0159,0.0021,0.0225,0.0213,0.0137,0.0020201903467030524,0.0027,0.0006798096532969478,13.77,0.0068000000000000005
1994-05-01,-0.013500000000000002,-0.0264,0.0204,0.009399999999999999,0.0209,0.0163,-0.0181,0.0431,-0.0536,0.0304,0.0011619565217390244,0.0032,0.0020380434782609758,13.03,0.0058
1994-06-01,-0.019,-0.0342,-0.026099999999999998,-0.027000000000000003,-0.051500000000000004,0.0062,-0.0263,-0.0342,-0.0315,-0.026099999999999998,0.00038813559322038163,0.0031,0.0027118644067796183,14.97,-0.0304
1994-07-01,0.0292,0.0348,0.045899999999999996,0.0325,0.0378,0.031,0.009399999999999999,0.011000000000000001,0.0519,0.027000000000000003,-0.000580662609871576,0.0028000000000000004,0.0033806626098715764,11.13,0.0282
1994-08-01,0.0605,-0.0004,0.0473,-0.001,0.0919,0.0102,0.0441,0.10869999999999999,0.0066,0.0348,-0.0003431266846361334,0.0037,0.0040431266846361336,11.97,0.04019999999999999
1994-09-01,-0.0032,-0.0506,-0.0165,-0.021,-0.0039000000000000003,-0.0115,-0.0232,0.0171,-0.0279,-0.0421,0.001686577181207979,0.0037,0.002013422818792021,14.28,-0.022799999999999997
1994-10-01,0.022000000000000002,-0.0174,0.005699999999999999,0.07400000000000001,0.0707,-0.0013,0.013000000000000001,0.0091,0.0159,0.0006,0.003130207635632961,0.0038,0.0006697923643670389,14.56,0.013500000000000002
1994-11-01,-0.0167,-0.0507,-0.053399999999999996,-0.048600000000000004,-0.0209,-0.0542,-0.0342,0.0043,0.0028000000000000004,-0.0518,0.001022623828647892,0.0037,0.0026773761713521083,15.95,-0.0403
1994-12-01,0.013300000000000001,0.0388,0.04,-0.009899999999999999,0.0246,0.0086,-0.027000000000000003,0.005699999999999999,0.0034999999999999996,0.013999999999999999,0.002397329773030906,0.0044,0.0020026702269690944,13.2,0.0086
1995-01-01,0.0181,-0.0575,-0.004,0.0037,-0.008,0.0416,0.0159,0.060599999999999994,0.0622,0.046799999999999994,0.0015351099267155903,0.0042,0.0026648900732844094,11.96,0.018000000000000002
1995-02-01,0.0294,0.0512,0.0554,0.045,0.0666,0.0151,0.026600000000000002,0.0232,0.008199999999999999,0.048600000000000004,0.0013421926910299718,0.004,0.0026578073089700283,11.75,0.0363
1995-03-01,0.0276,0.0143,0.0351,0.0528,0.0454,0.0024,0.0362,0.0277,-0.0175,0.019,0.002611928429423545,0.0046,0.001988071570576455,13.37,0.0219
1995-04-01,0.019,0.0144,0.029500000000000002,0.0222,0.0823,0.016200000000000003,-0.0172,0.03,0.023799999999999998,0.0177,0.00043174603174582406,0.0044,0.003968253968254176,11.75,0.021099999999999997
1995-05-01,0.0475,0.048,0.0321,0.0408,0.0292,0.0091,0.026699999999999998,0.0163,0.0604,0.0446,0.0034237154150197745,0.0054,0.0019762845849802257,12.85,0.028999999999999998
1995-06-01,0.0168,0.0075,0.021,-0.030699999999999998,0.09699999999999999,0.0387,0.049400000000000006,0.044800000000000006,-0.0046,0.0222,0.002727613412228786,0.004699999999999999,0.0019723865877712132,11.38,0.027200000000000002
1995-07-01,0.0115,0.0246,0.0363,0.0229,0.0771,0.0507,0.035699999999999996,0.0547,-0.0037,0.0475,0.0031876640419948275,0.0045000000000000005,0.001312335958005173,13.49,0.0371
1995-08-01,0.0064,0.0079,-0.0022,-0.0158,0.0005,0.0438,-0.0271,0.0103,0.009899999999999999,0.037200000000000004,0.0027340760157273554,0.004699999999999999,0.001965923984272644,11.52,0.0055000000000000005
1995-09-01,0.0673,-0.0064,0.0222,0.0129,0.0127,0.0575,0.028900000000000002,0.0738,0.063,0.0447,0.002991955526487929,0.0043,0.001308044473512071,12.74,0.0336
1995-10-01,0.0054,-0.049,-0.0265,-0.0026,0.0147,0.0015,-0.0548,0.0103,0.0148,-0.0199,0.002087328543435591,0.004699999999999999,0.0026126714565644082,13.83,-0.0151
1995-11-01,0.0452,0.055,0.0642,0.0479,-0.0044,0.0279,0.061399999999999996,0.0493,0.0158,0.0611,0.002897068403908927,0.0042,0.0013029315960910726,11.58,0.039599999999999996
1995-12-01,0.0151,0.030600000000000002,0.0149,0.057999999999999996,-0.040999999999999995,0.0412,-0.0084,0.058899999999999994,0.051,0.0105,0.0035987638256341613,0.0049,0.0013012361743658385,12.52,0.0104
1996-01-01,0.026099999999999998,0.0347,0.0331,-0.0040999999999999995,0.020099999999999996,0.022799999999999997,-0.003,0.0605,0.018600000000000002,0.0348,-0.0008981806367771277,0.0043,0.005198180636777128,12.53,0.0226
1996-02-01,0.0322,0.0203,0.009000000000000001,0.0102,0.0636,-0.023799999999999998,0.0441,-0.011200000000000002,-0.026699999999999998,0.021400000000000002,0.0019607627666451267,0.0039000000000000003,0.0019392372333548735,17.04,0.013300000000000001
1996-03-01,-0.0084,0.0434,0.034300000000000004,0.0501,-0.0333,-0.020099999999999996,0.059699999999999996,0.0021,-0.0052,0.0181,0.0006741935483871443,0.0039000000000000003,0.003225806451612856,18.88,0.0074
1996-04-01,0.0017000000000000001,0.036000000000000004,0.0166,0.0345,0.0968,0.0288,0.042699999999999995,-0.0060999999999999995,-0.026600000000000002,0.0022,0.0007414790996785395,0.0046,0.0038585209003214604,15.83,0.0206
1996-05-01,0.0655,0.022400000000000003,0.022799999999999997,0.0052,0.038900000000000004,-0.0002,0.043899999999999995,0.0391,0.0132,0.015,0.0022781550288275736,0.0042,0.0019218449711724261,16.07,0.0236
1996-06-01,0.032,-0.0483,-0.0043,0.0097,-0.0475,0.0055000000000000005,-0.0171,-0.0025,0.0527,-0.0024,0.0020818414322252253,0.004,0.0019181585677747748,13.68,-0.0113
1996-07-01,-0.0405,-0.0454,-0.0401,-0.0463,-0.07400000000000001,-0.0849,-0.0762,-0.0625,-0.0581,-0.0424,0.0025855137204849298,0.0045000000000000005,0.0019144862795150708,19.46,-0.0596
1996-08-01,-0.008100000000000001,0.0301,0.0316,0.0294,0.044000000000000004,-0.0132,0.060700000000000004,0.0431,0.028900000000000002,0.0391,0.0028261146496815284,0.0040999999999999995,0.001273885350318471,17.01,0.0277
1996-09-01,0.0375,0.0137,0.061399999999999996,0.0401,0.1065,0.016200000000000003,0.0368,0.0736,0.0068000000000000005,0.0509,0.0012193384223917877,0.0044,0.0031806615776082126,16.95,0.0501
1996-10-01,0.0155,0.0322,0.016399999999999998,0.0596,-0.0192,-0.0031,-0.0229,-0.0085,0.0361,0.0394,0.0010294229549778948,0.0042,0.003170577045022105,18.11,0.0087
1996-11-01,0.0516,0.0604,0.0608,0.0554,0.1193,0.054900000000000004,0.0311,0.0661,0.026000000000000002,0.0745,0.0009394437420986515,0.0040999999999999995,0.003160556257901348,17.14,0.0625
1996-12-01,0.005,-0.0226,-0.0036,0.0079,-0.0274,0.028999999999999998,-0.034300000000000004,-0.0262,0.0013,-0.0181,0.002079521109010614,0.0046,0.002520478890989386,20.92,-0.017
1997-01-01,0.0575,0.029900000000000003,0.0418,0.0435,0.09300000000000001,0.0229,0.001,0.09570000000000001,0.0092,0.06,0.0026143934632306097,0.0045000000000000005,0.0018856065367693908,19.47,0.0496
1997-02-01,0.0415,0.0055000000000000005,0.0067,-0.0574,-0.0742,0.025699999999999997,0.0316,0.009300000000000001,-0.005699999999999999,0.025699999999999997,0.002017942283563542,0.0039000000000000003,0.0018820577164364583,21.1,-0.0048
1997-03-01,-0.0524,-0.0332,-0.0364,0.052300000000000006,-0.056600000000000004,-0.0783,-0.014499999999999999,-0.0748,-0.0279,-0.0582,0.0036738259236066845,0.0043,0.0006261740763933155,22.14,-0.050199999999999995
1997-04-01,0.053099999999999994,0.0381,0.0537,0.0003,0.0768,0.024900000000000002,0.021099999999999997,0.060700000000000004,-0.0139,0.051,0.0036742177722153564,0.0043,0.0006257822277846437,20.06,0.0404
1997-05-01,0.0593,0.063,0.0782,0.0732,0.1018,0.06559999999999999,0.0603,0.0701,0.0363,0.0603,0.0049,0.0049,0.0,19.19,0.0673
1997-06-01,0.0358,0.0335,0.052000000000000005,0.0128,0.0143,0.0346,0.051,0.08869999999999999,0.031400000000000004,0.052000000000000005,0.0018238273921202443,0.0037,0.0018761726078797558,21.53,0.040999999999999995
1997-07-01,0.0334,0.0746,0.0718,0.07429999999999999,0.1597,0.0225,0.078,0.021,0.028300000000000002,0.09230000000000001,0.0030515605493133553,0.0043,0.0012484394506866447,21.48,0.0731
1997-08-01,-0.0641,0.0123,-0.0541,0.0029,-0.0139,-0.0241,-0.0252,-0.061,-0.0116,-0.0472,0.001606234413965131,0.0040999999999999995,0.0024937655860348684,24.76,-0.040999999999999995
1997-09-01,0.0554,0.0519,0.0339,0.0625,0.034300000000000004,0.0965,0.053,0.0661,0.0462,0.08,0.0019124378109454518,0.0044,0.0024875621890545485,22.91,0.053399999999999996
1997-10-01,-0.0315,-0.0337,-0.0584,-0.0202,-0.0828,0.0288,-0.0197,0.0009,0.0089,-0.027999999999999997,0.00233895781637707,0.0042,0.0018610421836229296,35.09,-0.038
1997-11-01,0.0646,-0.014199999999999999,0.042199999999999994,-0.0348,0.0144,0.10679999999999999,0.053099999999999994,0.0277,0.0718,0.029300000000000003,0.002661609907120818,0.0039000000000000003,0.0012383900928791824,27.43,0.029900000000000003
1997-12-01,0.0377,0.0363,-0.0028000000000000004,-0.0146,-0.042199999999999994,0.0416,-0.0015,0.0352,0.0801,0.0519,0.0041815708101421165,0.0048,0.0006184291898578831,24.01,0.013300000000000001
1998-01-01,-0.0273,0.0049,0.0069,-0.056600000000000004,0.0525,0.0509,0.009000000000000001,0.056600000000000004,-0.0438,-0.0196,0.0030639060568604954,0.0043,0.0012360939431395046,21.47,0.0015
1998-02-01,0.0496,0.1229,0.0709,0.0679,0.10339999999999999,0.0241,0.1038,0.0553,0.0264,0.08199999999999999,0.0039000000000000003,0.0039000000000000003,0.0,18.55,0.0703
1998-03-01,0.0588,0.061799999999999994,0.0481,0.048,0.0131,0.1009,0.0679,0.0358,0.067,0.059000000000000004,0.0039000000000000003,0.0039000000000000003,0.0,24.22,0.047599999999999996
1998-04-01,-0.032400000000000005,0.018000000000000002,0.012199999999999999,0.0374,0.0518,-0.0321,-0.0063,0.0191,-0.024900000000000002,0.020099999999999996,0.00306543209876556,0.0043,0.0012345679012344402,21.18,0.0074
1998-05-01,0.011000000000000001,0.061500000000000006,-0.024900000000000002,-0.042699999999999995,-0.0704,-0.0182,0.0212,-0.025,-0.0109,-0.0308,0.0015339087546237772,0.004,0.002466091245376223,21.32,-0.030699999999999998
1998-06-01,0.0414,0.011200000000000002,-0.0074,-0.0124,0.0874,0.029300000000000003,0.0526,0.062,0.03,0.0311,0.002869987699876793,0.0040999999999999995,0.0012300123001232066,19.71,0.0319
1998-07-01,-0.0414,-0.0104,-0.0576,-0.0649,0.0052,0.0382,-0.0292,-0.0026,-0.0541,-0.0173,0.0015429975429976893,0.004,0.002457002457002311,24.8,-0.0242
1998-08-01,-0.131,-0.18960000000000002,-0.1431,-0.1039,-0.17679999999999998,-0.12359999999999999,-0.142,-0.12369999999999999,0.0196,-0.2143,0.003074509803921573,0.0043,0.001225490196078427,44.28,-0.1605
1998-09-01,0.0126,0.008,0.0066,0.1295,0.1515,0.1027,0.0148,0.1209,0.0817,0.03,0.003988004895960913,0.0046,0.000611995104039087,40.95,0.061900000000000004
1998-10-01,0.1099,0.1063,0.1127,0.0116,0.0621,0.0674,0.1069,0.0383,-0.0177,0.0834,0.0007535168195719395,0.0032,0.0024464831804280607,28.05,0.0698
1998-11-01,0.0641,0.0524,0.0352,0.0060999999999999995,0.1166,0.0366,0.0946,0.061900000000000004,0.013300000000000001,0.0605,0.001879743746186721,0.0031,0.0012202562538132788,26.01,0.060700000000000004
1998-12-01,0.0033,0.0374,0.0239,-0.0124,0.1515,0.1439,0.0922,0.049400000000000006,0.0286,0.0339,0.001971846435100374,0.0038,0.001828153564899626,24.42,0.061500000000000006
1999-01-01,-0.0347,0.049,0.0059,-0.049699999999999994,0.1507,0.0913,0.0218,0.0028000000000000004,-0.0625,0.0097,0.0016751824817519655,0.0034999999999999996,0.0018248175182480342,26.25,0.0348
1999-02-01,-0.039900000000000005,-0.045,-0.0213,-0.0326,-0.1157,-0.028900000000000002,-0.0134,0.0017000000000000001,-0.0363,0.0001,0.0034999999999999996,0.0034999999999999996,0.0,27.88,-0.0408
1999-03-01,-0.0203,-0.0037,0.048600000000000004,0.1528,0.08470000000000001,-0.0068000000000000005,0.027000000000000003,0.025099999999999997,-0.016399999999999998,0.0242,0.003692835458409179,0.0043,0.0006071645415908211,23.26,0.0348
1999-04-01,0.0391,0.0941,0.09449999999999999,0.1577,0.0226,0.0775,0.0038,-0.0553,0.0735,0.06709999999999999,-0.0029747572815533117,0.0037,0.006674757281553312,25.07,0.0434
1999-05-01,0.0137,-0.0447,-0.033,-0.031,-0.0083,0.0066,-0.0298,-0.0203,0.0673,-0.038900000000000004,0.0027972272453286456,0.0034000000000000002,0.0006027727546713546,25.39,-0.0246
1999-06-01,0.0026,0.009300000000000001,0.0451,-0.0148,0.11560000000000001,0.0588,0.08070000000000001,0.0443,-0.0449,0.0305,0.004,0.004,0.0,21.09,0.04769999999999999
1999-07-01,-0.024399999999999998,-0.0603,-0.0116,0.016399999999999998,-0.0173,-0.0172,-0.05,-0.044000000000000004,-0.0058,-0.0594,-0.0004168674698794817,0.0038,0.004216867469879482,24.64,-0.0349
1999-08-01,-0.045899999999999996,0.006,-0.0052,0.0192,0.0546,-0.0825,-0.0596,0.037599999999999995,0.0058,-0.0504,0.001500479904019233,0.0039000000000000003,0.002399520095980767,24.45,-0.0137
1999-09-01,-0.0691,-0.0837,-0.0315,-0.039599999999999996,-0.001,0.04650000000000001,0.0127,-0.0707,-0.042800000000000005,-0.0455,-0.0002891083183722697,0.0039000000000000003,0.00418910831837227,25.41,-0.0277
1999-10-01,0.066,0.046,0.0571,-0.015700000000000002,0.0301,0.083,0.0321,0.1073,0.0216,0.1143,0.0021121573301550035,0.0039000000000000003,0.0017878426698449967,22.2,0.060899999999999996
1999-11-01,-0.011000000000000001,-0.022000000000000002,-0.0098,0.0381,0.1275,0.0461,0.0415,0.0152,-0.0736,-0.024900000000000002,0.0018153480071385142,0.0036,0.0017846519928614857,24.18,0.0341
1999-12-01,-0.0264,0.0275,0.10279999999999999,0.0063,0.2075,0.0453,0.0676,-0.0562,-0.023700000000000002,0.013999999999999999,0.002024703087885978,0.0044,0.002375296912114022,24.64,0.0766
2000-01-01,-0.0472,-0.013300000000000001,-0.0866,0.0128,-0.0521,-0.0385,-0.1101,0.07629999999999999,0.0554,-0.0475,0.0011379146919430275,0.0040999999999999995,0.002962085308056972,24.95,-0.047400000000000005
2000-02-01,-0.06269999999999999,-0.08810000000000001,-0.0374,-0.055999999999999994,0.1804,-0.0369,-0.0395,-0.025099999999999997,-0.0707,-0.0738,0.00016532782043724055,0.0043,0.0041346721795627595,23.37,0.0246
2000-03-01,0.07429999999999999,0.10890000000000001,0.07519999999999999,0.1192,0.0409,0.0827,0.13390000000000002,-0.0003,0.058899999999999994,0.1436,-0.0011823529411764504,0.004699999999999999,0.00588235294117645,24.11,0.0521
2000-04-01,-0.0196,0.08689999999999999,0.0146,-0.0231,-0.10550000000000001,-0.0833,-0.044800000000000006,0.0504,0.0742,-0.028300000000000002,0.005184795321637355,0.0046,-0.0005847953216373547,26.2,-0.0639
2000-05-01,0.071,-0.1231,-0.0172,0.09390000000000001,-0.1085,-0.09970000000000001,-0.028300000000000002,0.037200000000000004,0.039599999999999996,0.0335,0.0032445874780574436,0.005,0.0017554125219425565,23.65,-0.043899999999999995
2000-06-01,0.0218,-0.08990000000000001,-0.0128,-0.050499999999999996,0.1263,0.039900000000000005,-0.022099999999999998,0.1099,-0.046799999999999994,-0.0313,-0.0018411214953271172,0.004,0.005841121495327117,19.54,0.046799999999999994
2000-07-01,0.0072,0.0473,-0.014499999999999999,-0.0268,-0.051500000000000004,-0.0674,-0.012199999999999999,-0.06509999999999999,0.0387,0.0536,0.001896399535423838,0.0048,0.0029036004645761615,20.74,-0.0248
2000-08-01,-0.0208,0.054400000000000004,0.0741,0.0875,0.1268,-0.0149,-0.024,0.035,0.1166,0.0924,0.005,0.005,0.0,16.84,0.0703
2000-09-01,0.0373,-0.0416,-0.057,0.045599999999999995,-0.14730000000000001,-0.044500000000000005,0.026600000000000002,0.036699999999999997,0.08800000000000001,0.0025,-0.00011134916039378523,0.0051,0.005211349160393786,20.57,-0.054400000000000004
2000-10-01,0.0748,0.0255,0.034,-0.0281,-0.0747,-0.0017000000000000001,-0.0175,0.0206,-0.0167,-0.0129,0.003871889400921487,0.005600000000000001,0.001728110599078514,23.63,-0.0278
2000-11-01,0.027000000000000003,-0.1114,-0.0308,-0.0252,-0.23199999999999998,-0.1653,-0.0104,0.0075,0.0296,-0.059800000000000006,0.003374870615296184,0.0051,0.0017251293847038163,29.65,-0.107
2000-12-01,0.054400000000000004,0.0008,0.0697,0.075,-0.0799,-0.042699999999999995,0.0567,0.0349,0.0647,0.0647,0.0027037887485649127,0.005,0.0022962112514350874,26.85,0.0118
2001-01-01,-0.0218,0.1305,-0.0098,-0.034300000000000004,0.1618,0.155,0.0641,-0.0851,-0.1023,0.0063,-0.0003273768613974593,0.0054,0.00572737686139746,22.02,0.0325
2001-02-01,0.0014000000000000002,-0.0125,-0.0379,-0.0003,-0.2607,-0.10300000000000001,-0.0533,-0.0054,0.061799999999999994,-0.0425,0.001522095671981668,0.0038,0.002277904328018332,28.35,-0.1003
2001-03-01,-0.0478,-0.0333,-0.0605,-0.001,-0.1389,-0.06,-0.0287,-0.0859,0.0105,-0.045,0.0036318181818182542,0.0042,0.0005681818181817455,28.64,-0.0725
2001-04-01,0.0092,0.087,0.0755,0.1002,0.1801,0.0401,0.055999999999999994,0.0425,0.0541,0.0608,0.0021964224872230566,0.0039000000000000003,0.0017035775127769437,25.48,0.0793
2001-05-01,0.034,-0.015600000000000001,0.0215,0.001,-0.032,-0.0163,0.0161,0.0277,0.004699999999999999,0.0364,-0.0019020408163264806,0.0032,0.005102040816326481,22.64,0.0068000000000000005
2001-06-01,-0.0152,0.0379,-0.04650000000000001,-0.0746,0.0141,-0.0268,-0.0258,-0.0298,-0.061500000000000006,-0.0009,0.0005439368302314375,0.0028000000000000004,0.002256063169768563,19.06,-0.0194
2001-07-01,-0.0054,0.0326,0.0053,-0.0223,-0.0757,-0.0096,0.0455,0.022799999999999997,-0.0384,-0.0217,0.0046882386043892695,0.003,-0.0016882386043892694,21.62,-0.0213
2001-08-01,0.0199,-0.1005,-0.0218,-0.035,-0.1263,-0.0864,-0.0692,-0.031,0.0053,-0.052000000000000005,0.0031,0.0031,0.0,24.92,-0.064
2001-09-01,-0.0352,-0.1727,-0.127,-0.061799999999999994,-0.19,-0.0235,-0.0951,-0.0063,-0.066,-0.0787,-0.0011458850056368618,0.0028000000000000004,0.003945885005636862,31.93,-0.0924
2001-10-01,0.0128,0.010700000000000001,0.0394,0.051399999999999994,0.157,-0.09570000000000001,0.015700000000000002,0.0126,0.0176,-0.0098,0.005007411566535634,0.0022,-0.0028074115665356336,33.56,0.0248
2001-11-01,0.0258,0.1501,0.08460000000000001,-0.0421,0.1589,0.058499999999999996,0.0981,0.050199999999999995,-0.0143,0.07200000000000001,0.002263063063063085,0.0017000000000000001,-0.0005630630630630851,23.84,0.0753
2001-12-01,0.0189,-0.0084,0.0264,0.059699999999999996,-0.0063,0.026000000000000002,0.0434,-0.0282,0.0404,0.0368,0.002063380281690118,0.0015,-0.0005633802816901179,23.8,0.0161
2002-01-01,0.0087,0.0285,0.015600000000000001,-0.0287,-0.0052,-0.07150000000000001,0.026099999999999998,-0.0241,-0.0433,-0.015600000000000001,-0.0002910935738443376,0.0014000000000000002,0.0016910935738443378,21.09,-0.0144
2002-02-01,0.0424,0.0327,0.0436,0.0556,-0.1315,-0.0275,-0.0015,-0.0045000000000000005,-0.0036,-0.0025,-0.00038823860438949153,0.0013,0.0016882386043894915,21.59,-0.023
2002-03-01,0.038,0.0689,0.0493,0.07690000000000001,0.065,0.0036,0.0209,0.0054,0.10289999999999999,0.0524,-0.0015089887640450063,0.0013,0.002808988764045006,17.4,0.0424
2002-04-01,0.0212,0.019299999999999998,-0.0151,-0.0455,-0.11900000000000001,-0.1276,-0.016200000000000003,-0.0755,-0.0042,-0.0275,-0.0029817927170868188,0.0015,0.004481792717086819,21.91,-0.0521
2002-05-01,0.0127,-0.0043,-0.0026,-0.0074,-0.0359,0.03,-0.0144,-0.022799999999999997,-0.0692,-0.0053,0.00028455103179030224,0.0014000000000000002,0.001115448968209698,19.98,-0.013600000000000001
2002-06-01,-0.0605,-0.0816,-0.0298,0.0001,-0.1215,-0.14400000000000002,-0.051,-0.0953,-0.0581,-0.051100000000000007,0.0007428969359332448,0.0013,0.0005571030640667551,25.4,-0.0723
2002-07-01,-0.0663,-0.1192,-0.0852,-0.1183,-0.09699999999999999,-0.1167,-0.1143,-0.0276,-0.12140000000000001,-0.0637,-0.0007271714922048602,0.0015,0.00222717149220486,32.03,-0.0819
2002-08-01,0.0225,0.0062,-0.0129,0.0063,-0.0096,0.002,0.0184,0.006500000000000001,0.034,0.0113,-0.0013777777777777677,0.0014000000000000002,0.002777777777777768,32.64,0.005
2002-09-01,-0.07730000000000001,-0.109,-0.0834,-0.0785,-0.166,-0.09849999999999999,-0.0944,-0.058899999999999994,-0.10880000000000001,-0.106,-0.0002620498614958732,0.0014000000000000002,0.0016620498614958734,39.69,-0.10339999999999999
2002-10-01,0.0506,-0.0271,0.0378,0.031400000000000004,0.1937,0.2194,0.0572,0.056799999999999996,-0.0060999999999999995,0.0638,-0.0008123893805308102,0.0014000000000000002,0.0022123893805308104,31.14,0.0784
2002-11-01,-0.0109,0.1199,0.0625,0.0302,0.16269999999999998,0.11810000000000001,0.019,0.0378,0.0158,0.042,-0.00045562913907280073,0.0012,0.0016556291390728006,27.5,0.0596
2002-12-01,-0.0023,-0.0652,-0.0381,0.0084,-0.129,-0.0951,-0.0699,-0.0409,0.0383,-0.0479,-0.0005528925619836431,0.0011,0.0016528925619836432,28.62,-0.0576
2003-01-01,-0.0393,-0.034,-0.0407,-0.025,-0.0151,-0.041100000000000005,-0.047599999999999996,-0.006,-0.0321,-0.023799999999999998,-0.0034004400440043056,0.001,0.004400440044004306,31.17,-0.025699999999999997
2003-02-01,-0.0288,-0.0479,-0.0227,0.0195,0.0116,-0.0645,-0.0121,-0.0196,-0.0398,-0.027000000000000003,-0.004576451259583737,0.0009,0.005476451259583737,29.63,-0.018799999999999997
2003-03-01,-0.0262,-0.025699999999999997,0.0132,0.015,-0.0097,-0.0043,0.046799999999999994,0.0373,0.0431,0.0104,-0.0006339869281045693,0.001,0.0016339869281045694,29.15,0.0109
2003-04-01,0.0438,0.1505,0.063,-0.004699999999999999,0.09179999999999999,0.11259999999999999,0.0897,0.042699999999999995,0.0723,0.1164,0.004806416530723333,0.001,-0.0038064165307233333,21.21,0.0818
2003-05-01,0.09539999999999998,0.0286,0.0466,0.0866,0.098,0.0632,0.0348,0.0394,0.1016,0.052300000000000006,0.0025375545851528004,0.0009,-0.0016375545851528006,19.47,0.0605
2003-06-01,0.0166,0.0242,0.0054,-0.0096,0.0034999999999999996,0.0209,0.0344,0.0416,0.0106,0.0091,-9.349371241118652e-05,0.001,0.0010934937124111865,19.52,0.014199999999999999
2003-07-01,-0.0169,0.0667,0.049699999999999994,-0.0262,0.055999999999999994,-0.0171,0.0329,0.0048,-0.054299999999999994,0.0361,-0.002576897870016393,0.0007000000000000001,0.003276897870016393,19.49,0.0233
2003-08-01,0.0029,0.0803,0.0409,0.061900000000000004,0.060599999999999994,0.0126,0.0673,-0.0282,0.0192,0.0062,-0.003654926510615087,0.0007000000000000001,0.004354926510615087,18.63,0.0233
2003-09-01,0.011399999999999999,-0.0421,-0.0374,-0.0218,-0.009300000000000001,-0.0552,-0.0454,0.003,0.0384,0.0026,-0.002452032520325132,0.0008,0.003252032520325132,22.72,-0.0124
2003-10-01,0.0593,0.0731,0.0889,0.0165,0.0828,0.0683,0.09029999999999999,0.0087,0.0151,0.0634,0.0017804970286331096,0.0007000000000000001,-0.0010804970286331095,16.1,0.0608
2003-11-01,0.0359,0.030699999999999998,0.0208,0.006500000000000001,0.018600000000000002,-0.0063,0.005600000000000001,0.0182,0.0095,0.0115,0.00015916711736071402,0.0007000000000000001,0.0005408328826392861,16.32,0.013500000000000002
2003-12-01,0.0344,0.11900000000000001,0.0673,0.136,0.0215,0.0757,-0.0213,0.0564,0.058600000000000006,0.042800000000000005,-0.0019027027027026752,0.0008,0.002702702702702675,18.31,0.0429
2004-01-01,0.0006,-0.0076,-0.006999999999999999,0.0023,0.0451,0.0165,0.0045000000000000005,0.031,0.0191,0.028900000000000002,-0.0036126684636118905,0.0007000000000000001,0.004312668463611891,16.63,0.0215
2004-02-01,0.0426,0.0,0.0197,0.0454,-0.0291,-0.0042,0.061,0.0089,0.021099999999999997,0.0213,-0.0015470746108425144,0.0006,0.0021470746108425143,14.55,0.013999999999999999
2004-03-01,-0.0009,-0.013600000000000001,-0.0028000000000000004,0.0002,-0.025099999999999997,-0.0203,0.0028000000000000004,-0.0391,0.011399999999999999,-0.0066,-0.001242474558114671,0.0009,0.002142474558114671,16.74,-0.0132
2004-04-01,0.0141,0.0246,-0.0017000000000000001,0.026600000000000002,-0.0489,-0.0043,-0.027200000000000002,0.0351,-0.035699999999999996,-0.037000000000000005,-0.0008034206306787535,0.0008,0.0016034206306787535,17.19,-0.0181
2004-05-01,-0.0191,-0.016399999999999998,0.0167,0.0055000000000000005,0.0483,-0.0296,0.003,-0.0042,0.0126,0.0172,-0.0036689434364993063,0.0006,0.004268943436499306,15.5,0.0118
2004-06-01,0.0167,0.053399999999999996,0.053,0.0546,0.026699999999999998,0.008,0.0003,-0.005,0.0203,0.0131,-0.0029194473963868547,0.0008,0.0037194473963868546,14.34,0.018500000000000003
2004-07-01,-0.059699999999999996,-0.0464,-0.0406,0.0332,-0.0851,-0.01,-0.0403,-0.0593,0.0106,-0.023,-5.876124933823588e-05,0.001,0.001058761249338236,15.32,-0.0404
2004-08-01,0.0079,-0.0223,0.0134,-0.0138,-0.0451,0.011699999999999999,-0.012,0.016399999999999998,0.036699999999999997,0.018799999999999997,0.0005711792702273279,0.0011,0.0005288207297726721,15.29,0.0007000000000000001
2004-09-01,-0.0202,0.023,0.0194,0.0882,0.0346,0.013300000000000001,0.026099999999999998,-0.0141,0.0138,0.011000000000000001,-0.0020712473572940156,0.0011,0.003171247357294016,13.34,0.016
2004-10-01,0.028399999999999998,-0.03,-0.014499999999999999,0.0064,0.051399999999999994,0.0331,0.030600000000000002,-0.024300000000000002,0.0424,0.0109,-0.0041687038988408205,0.0011,0.005268703898840821,16.27,0.014199999999999999
2004-11-01,0.0461,0.0727,0.0723,0.0658,0.057300000000000004,0.0363,0.036699999999999997,0.0067,0.0489,0.046900000000000004,-0.003216981132075304,0.0015,0.004716981132075304,13.24,0.0453
2004-12-01,0.04769999999999999,0.048799999999999996,0.0252,-0.0231,0.030899999999999997,0.0418,0.035,0.056600000000000004,0.0248,0.0441,0.0016,0.0016,0.0,13.29,0.0342
2005-01-01,0.0023,-0.0702,-0.0176,0.030299999999999997,-0.0632,-0.0424,-0.0103,-0.0408,0.0176,-0.0217,0.002121648408972286,0.0016,-0.0005216484089722861,12.82,-0.0275
2005-02-01,0.0073,-0.0025,0.0407,0.1945,0.0003,-0.0044,0.0063,0.024399999999999998,0.0236,0.0015,-0.0025753653444676077,0.0016,0.0041753653444676075,12.08,0.018799999999999997
2005-03-01,-0.0085,-0.08,-0.0139,-0.0344,-0.0254,-0.0004,0.0022,-0.0048,0.0060999999999999995,-0.0236,-0.0015382536382535414,0.0021,0.0036382536382535413,14.02,-0.0194
2005-04-01,-0.0096,-0.1105,-0.046799999999999994,-0.056100000000000004,-0.0451,-0.02,-0.0528,0.0395,0.0213,-0.0159,-0.0010071983428274664,0.0021,0.0031071983428274663,15.31,-0.026099999999999998
2005-05-01,0.0233,0.08810000000000001,0.0291,0.021,0.0821,0.015,0.0643,0.0148,0.0166,0.032400000000000005,0.0029162622612286947,0.0024,-0.0005162622612286949,13.29,0.0365
2005-06-01,-0.0167,0.021,-0.0116,0.0576,-0.016399999999999998,0.0019,0.024399999999999998,-0.0058,0.0556,0.014199999999999999,0.0017834710743802919,0.0023,0.0005165289256197081,12.04,0.0058
2005-07-01,0.0271,0.0542,0.0583,0.058899999999999994,0.0613,0.0313,0.0583,0.037200000000000004,0.0298,0.0241,-0.003795147134744561,0.0024,0.006195147134744561,11.57,0.0392
2005-08-01,0.0008,-0.0287,-0.013600000000000001,0.0581,-0.0038,-0.012,-0.055999999999999994,-0.0031,0.0125,-0.0167,-0.0031570035915854415,0.003,0.0061570035915854415,12.6,-0.012
2005-09-01,0.0037,-0.0434,0.0084,0.0726,0.0067,-0.0147,-0.018000000000000002,-0.019299999999999998,0.0438,0.012199999999999999,-0.010868485466598701,0.0029,0.013768485466598701,11.92,0.0048
2005-10-01,-0.015,-0.0521,-0.0239,-0.1016,-0.0178,-0.030299999999999997,0.0154,-0.0326,-0.06849999999999999,0.0124,0.0011909456740442836,0.0027,0.0015090543259557165,15.32,-0.0204
2005-11-01,0.009899999999999999,0.022099999999999998,0.053099999999999994,0.0101,0.0645,0.0264,0.0394,0.0159,-0.0022,0.049100000000000005,0.008122601707684538,0.0031,-0.0050226017076845375,12.06,0.0361
2005-12-01,-0.0007000000000000001,-0.006500000000000001,0.0144,0.0044,-0.0191,-0.0173,-0.0059,0.024,0.0124,0.0019,0.0032,0.0032,0.0,12.07,-0.0024
2006-01-01,0.001,0.0579,0.051699999999999996,0.12539999999999998,0.0406,0.038599999999999995,0.020099999999999996,0.0219,0.030299999999999997,0.0158,-0.0025575466935892667,0.0034999999999999996,0.006057546693589266,12.95,0.030299999999999997
2006-02-01,0.0115,-0.0038,0.0102,-0.0814,-0.009899999999999999,0.033,0.013999999999999999,0.0105,0.0023,0.009899999999999999,0.0028982438534871785,0.0034000000000000002,0.0005017561465128217,12.34,-0.003
2006-03-01,0.0124,0.026600000000000002,0.0301,0.04,0.0288,0.018000000000000002,0.024300000000000002,-0.0101,-0.0365,0.0187,0.0021954864593782455,0.0037,0.0015045135406217547,11.39,0.0147
2006-04-01,0.0105,0.0028000000000000004,0.0408,0.0452,-0.011399999999999999,0.0147,-0.0158,-0.018600000000000002,0.0182,0.0215,-0.0014075112669003553,0.0036,0.005007511266900355,11.59,0.0073
2006-05-01,0.0106,0.0063,-0.0335,-0.0346,-0.069,0.0,-0.0187,-0.022000000000000002,0.0151,-0.030899999999999997,0.001310463378176226,0.0043,0.002989536621823774,16.44,-0.0356
2006-06-01,0.003,0.0187,-0.005,0.0273,-0.0143,0.029500000000000002,0.0029,-0.0011,0.0242,-0.0034999999999999996,0.0015161450571286005,0.004,0.0024838549428713996,13.08,-0.0034999999999999996
2006-07-01,0.0355,-0.0301,-0.0365,0.0506,-0.0378,0.024399999999999998,-0.0429,0.0412,0.0483,-0.0091,-0.0014509415262635751,0.004,0.005450941526263575,14.95,-0.0077
2006-08-01,0.030600000000000002,0.023700000000000002,0.020499999999999997,-0.032400000000000005,0.0741,0.022799999999999997,0.0222,0.0233,0.022799999999999997,0.0173,-0.00023568260226712167,0.0042,0.004435682602267121,12.31,0.0203
2006-09-01,-0.006500000000000001,0.042199999999999994,0.0189,-0.0381,0.035699999999999996,0.0366,0.056900000000000006,0.015300000000000001,-0.0212,0.032400000000000005,0.009006771344455385,0.0040999999999999995,-0.004906771344455385,11.98,0.0184
2006-10-01,0.0281,0.0496,0.044199999999999996,0.052000000000000005,0.0404,0.052000000000000005,0.0392,0.017,0.0536,0.029500000000000002,0.008537869822485285,0.0040999999999999995,-0.004437869822485285,11.1,0.0322
2006-11-01,0.014499999999999999,0.018000000000000002,0.0354,0.0859,0.0302,0.0063,-0.0123,0.0007000000000000001,0.030600000000000002,0.016,0.003704705299653295,0.0042,0.0004952947003467045,10.91,0.017
2006-12-01,0.0202,-0.008100000000000001,0.005,-0.019299999999999998,-0.0097,0.0433,0.0146,0.0013,0.0073,0.0321,-0.0014455445544554503,0.004,0.00544554455445545,11.56,0.0085
2007-01-01,0.0154,0.0291,0.0316,-0.013300000000000001,0.0199,0.0273,0.0364,0.0351,0.0048,0.0105,0.0027407188577053673,0.0044,0.001659281142294633,10.42,0.0138
2007-02-01,-0.0149,-0.004,0.0070999999999999995,-0.0212,-0.0235,-0.0278,-0.0068000000000000005,-0.0285,0.0416,-0.0229,-7.835054586926909e-05,0.0038,0.003878350545869269,15.42,-0.0196
2007-03-01,0.0265,-0.011000000000000001,0.016399999999999998,0.059000000000000004,0.0087,0.0231,0.008,-0.0025,0.0433,-0.0026,-0.0009001214340975377,0.0043,0.005200121434097538,14.64,0.0070999999999999995
2007-04-01,0.0362,0.0621,0.0441,0.0513,0.048499999999999995,0.0174,0.022799999999999997,0.0678,0.0392,0.033,0.0013993375160750573,0.0044,0.003000662483924943,14.22,0.0349
2007-05-01,0.0288,0.0317,0.04769999999999999,0.07150000000000001,0.0392,0.0731,0.0236,0.011399999999999999,0.011899999999999999,0.0317,-3.299401662903295e-05,0.0040999999999999995,0.004132994016629032,13.05,0.0323
2007-06-01,-0.0106,0.018799999999999997,-0.0068000000000000005,0.0086,0.0053,-0.018000000000000002,-0.0197,-0.0337,-0.0482,-0.0277,0.0016832482890376498,0.004,0.0023167517109623503,16.23,-0.0196
2007-07-01,-0.0415,-0.057999999999999996,-0.0002,-0.011000000000000001,-0.0106,-0.0311,-0.053200000000000004,-0.04019999999999999,-0.0373,-0.0527,0.0022194041518284156,0.004,0.0017805958481715844,23.52,-0.037200000000000004
2007-08-01,0.0182,-0.0179,0.0068000000000000005,0.0023,0.028900000000000002,-0.0086,0.015300000000000001,0.0232,0.0184,0.0118,0.003891719291146974,0.0042,0.00030828070885302594,23.38,0.009399999999999999
2007-09-01,0.04,0.0172,0.054299999999999994,0.0784,0.0417,0.020499999999999997,-0.006500000000000001,0.0354,0.0348,0.0263,-0.0010375533907650363,0.0032,0.0042375533907650365,18.0,0.0322
2007-10-01,0.0218,0.0095,0.0097,0.0279,0.0679,-0.0218,0.011699999999999999,0.0141,0.06559999999999999,0.0024,0.0001167621687198279,0.0032,0.0030832378312801723,18.53,0.0179
2007-11-01,0.0085,-0.08960000000000001,-0.026600000000000002,-0.0434,-0.0751,-0.0625,-0.0373,0.0001,-0.0070999999999999995,-0.059800000000000006,-0.004458884267890387,0.0034000000000000002,0.007858884267890387,22.87,-0.048
2007-12-01,-0.0101,-0.0216,0.01,0.077,0.0146,-0.0025,-0.0268,-0.0395,0.009000000000000001,-0.0349,-0.0001980145517325527,0.0027,0.002898014551732553,22.5,-0.0087
2008-01-01,-0.0519,-0.052000000000000005,-0.07429999999999999,-0.0911,-0.1235,-0.07780000000000001,-0.004699999999999999,-0.0461,-0.0693,-0.0204,-0.0013477050769703422,0.0021,0.003447705076970342,26.2,-0.0633
2008-02-01,-0.0013,-0.06,0.0074,0.0694,-0.0358,-0.0385,-0.04650000000000001,-0.009300000000000001,-0.030299999999999997,-0.079,-0.0011178268779397883,0.0013,0.0024178268779397882,26.54,-0.030899999999999997
2008-03-01,0.0118,-0.0414,-0.0015,-0.028900000000000002,0.0067,-0.0005,0.018500000000000003,-0.0177,0.008100000000000001,-0.0194,-0.0018780278061188219,0.0017000000000000001,0.003578027806118822,25.61,-0.009399999999999999
2008-04-01,-0.0115,0.06559999999999999,0.0507,0.1063,0.0644,0.0462,0.0501,0.0043,0.0639,0.0347,-0.0005143810202015392,0.0018,0.002314381020201539,20.79,0.0461
2008-05-01,0.0338,0.013300000000000001,0.033,0.042800000000000005,0.0565,0.0479,0.011899999999999999,0.016200000000000003,0.0359,-0.0239,-0.004117491656617147,0.0018,0.0059174916566171465,17.83,0.0187
2008-06-01,-0.07339999999999999,-0.195,-0.0919,0.0282,-0.0882,-0.1092,-0.0809,-0.0301,-0.0040999999999999995,-0.1476,-0.0087782350098509,0.0017000000000000001,0.0104782350098509,23.95,-0.0843
2008-07-01,0.0226,-0.0066,-0.0024,-0.1566,-0.005699999999999999,-0.030899999999999997,0.011399999999999999,0.0675,-0.071,0.043899999999999995,-0.005641444751521009,0.0015,0.007141444751521009,22.94,-0.0075
2008-08-01,0.0172,0.0166,0.014199999999999999,-0.0004,0.024,0.04,0.053899999999999997,0.0177,-0.0046,0.0067,0.002788475727800642,0.0013,-0.0014884757278006422,20.65,0.015300000000000001
2008-09-01,-0.0296,-0.08990000000000001,-0.1351,-0.12119999999999999,-0.1247,-0.1261,-0.0576,-0.059500000000000004,-0.1184,-0.06309999999999999,0.0006449083177099677,0.0015,0.0008550916822900323,39.39,-0.0935
2008-10-01,-0.1341,-0.3362,-0.2071,-0.1678,-0.1826,-0.1553,-0.1508,-0.1103,-0.1112,-0.1972,0.009398436564828616,0.0008,-0.008598436564828615,59.89,-0.172
2008-11-01,-0.0437,-0.10710000000000001,-0.0768,0.0014000000000000002,-0.10869999999999999,-0.0158,-0.0768,-0.0733,0.0126,-0.12359999999999999,0.018005477084725476,0.0003,-0.017705477084725474,55.84,-0.0774
2008-12-01,0.0087,0.0017000000000000001,0.0139,-0.024300000000000002,0.0217,0.0347,0.0489,0.0674,-0.0204,0.008100000000000001,0.008233522399403226,0.0,-0.008233522399403226,40.0,0.0177
2009-01-01,-0.050499999999999996,-0.12689999999999999,-0.0922,-0.0353,-0.032,-0.1032,-0.0761,-0.022000000000000002,-0.0084,-0.1766,-0.0025307713412614508,0.0,0.0025307713412614508,44.84,-0.0809
2009-02-01,-0.0766,-0.12140000000000001,-0.1353,-0.1251,-0.0508,-0.0695,-0.0305,-0.1082,-0.1252,-0.1459,-0.003542660652187324,0.0001,0.003642660652187324,46.35,-0.1014
2009-03-01,0.0644,0.12210000000000001,0.0761,0.039599999999999996,0.11470000000000001,0.0795,0.0998,0.0741,0.0282,0.1307,0.0011872828565384851,0.0002,-0.000987282856538485,44.14,0.0901
2009-04-01,0.049699999999999994,0.4432,0.17059999999999997,0.0454,0.1229,0.0965,0.09539999999999998,-0.009399999999999999,0.0209,0.16219999999999998,-0.0009070825195886978,0.0001,0.0010070825195886979,36.5,0.1017
2009-05-01,0.0716,-0.0322,0.055,0.105,0.0304,0.0105,-0.009300000000000001,0.0621,0.0464,0.0716,-0.0014714939189219844,0.0,0.0014714939189219844,28.92,0.0521
2009-06-01,0.006500000000000001,0.044000000000000004,-0.0173,-0.0478,0.0453,0.0165,-0.0029,0.0361,0.0464,-0.02,-0.008199612246622346,0.0001,0.008299612246622345,26.35,0.0042
2009-07-01,0.0731,0.19760000000000003,0.1133,0.0535,0.081,0.0554,0.0677,0.0548,0.0441,0.0917,0.00039796545463012246,0.0001,-0.00029796545463012247,25.92,0.0774
2009-08-01,0.0074,0.025,0.0297,0.0078000000000000005,0.0227,0.0073,0.0371,0.022000000000000002,0.0025,0.07730000000000001,-0.0032484533777929927,0.0001,0.0033484533777929926,26.01,0.0333
2009-09-01,0.042300000000000004,0.021,0.0652,0.0512,0.052300000000000006,0.0649,0.024,0.0218,0.022400000000000003,0.031200000000000002,-0.0018308872334005133,0.0001,0.0019308872334005134,25.61,0.0408
2009-10-01,-0.0062,-0.0060999999999999995,-0.0287,0.0248,-0.015,-0.0398,0.0004,-0.0347,-0.0271,-0.0545,-0.003001931798703783,0.0,0.003001931798703783,30.69,-0.0253
2009-11-01,0.038599999999999995,0.10369999999999999,0.0761,0.0322,0.0483,0.0684,0.05,0.08070000000000001,0.0458,0.0596,-0.0033485905897676638,0.0,0.0033485905897676638,24.51,0.056299999999999996
2009-12-01,0.0264,0.0565,0.0287,-0.0052,0.059800000000000006,0.0642,0.0195,0.024700000000000003,0.0587,0.0088,-0.00042017639964274665,0.0001,0.0005201763996427466,21.68,0.027999999999999997
2010-01-01,-0.024,-0.004,-0.0331,-0.048499999999999995,-0.0781,-0.0677,-0.0183,-0.0001,-0.044500000000000005,-0.0053,-0.0006487322116246474,0.0,0.0006487322116246474,24.62,-0.0335
2010-02-01,0.026600000000000002,0.0739,0.0521,0.0259,0.0479,0.0276,0.0429,0.0038,-0.0042,0.0361,0.0009517766497462166,0.0,-0.0009517766497462166,19.5,0.0339
2010-03-01,0.057999999999999996,0.09380000000000001,0.065,0.032,0.0668,0.07629999999999999,0.0625,0.0363,0.031200000000000002,0.081,-0.00023136813619227824,0.0001,0.00033136813619227823,17.59,0.063
2010-04-01,-0.0102,0.0727,0.0318,0.0408,0.0227,0.0341,0.0252,-0.0218,0.0285,0.0181,-0.00013004053314190643,0.0001,0.00023004053314190642,22.05,0.0199
2010-05-01,-0.057300000000000004,-0.0907,-0.0843,-0.1023,-0.0776,-0.058499999999999996,-0.0541,-0.0808,-0.063,-0.0875,0.0006197720362644099,0.0001,-0.0005197720362644098,32.07,-0.079
2010-06-01,-0.0191,-0.10679999999999999,-0.057999999999999996,-0.0626,-0.061500000000000006,-0.0384,-0.0911,-0.0166,-0.0070999999999999995,-0.065,0.0005187951585438166,0.0001,-0.00041879515854381655,34.54,-0.0556
2010-07-01,0.0736,0.15380000000000002,0.0981,0.07690000000000001,0.0726,0.0959,0.0461,0.021400000000000002,0.0681,0.0678,-0.0017692535416828803,0.0001,0.0018692535416828804,23.5,0.0692
2010-08-01,-0.011699999999999999,-0.0958,-0.0557,-0.0344,-0.0653,-0.0199,-0.0397,-0.017,0.0036,-0.071,-0.0013613634796996066,0.0001,0.0014613634796996067,26.05,-0.0478
2010-09-01,0.061500000000000006,0.1308,0.1016,0.092,0.1255,0.0788,0.1215,0.09,0.0365,0.0851,-0.0015152494229613179,0.0001,0.001615249422961318,23.7,0.0955
2010-10-01,0.044000000000000004,0.08539999999999999,0.051699999999999996,0.0458,0.0641,0.045599999999999995,0.0241,0.0194,0.018600000000000002,0.0203,-0.0033818462948116304,0.0001,0.00348184629481163,21.2,0.0387
2010-11-01,-0.0007000000000000001,0.0732,0.0148,0.055099999999999996,-0.0073,-0.0189,0.0418,-0.0334,-0.013600000000000001,0.0049,-0.0024338416234848006,0.0001,0.0025338416234848005,23.54,0.0059
2010-12-01,0.0435,0.08900000000000001,0.0699,0.0941,0.059800000000000006,0.0659,0.0321,0.0545,0.0323,0.09230000000000001,-0.003916576346828282,0.0001,0.004016576346828282,17.75,0.0682
2011-01-01,-0.023700000000000002,-0.0024,0.0301,0.0693,0.0392,0.0005,-0.0086,-0.0072,0.0218,0.021,-0.0031430422003701944,0.0001,0.003243042200370194,19.53,0.019799999999999998
2011-02-01,0.0472,-0.0215,0.034300000000000004,0.07629999999999999,0.0241,0.07400000000000001,0.0226,0.0333,0.0242,0.029500000000000002,-0.0031144746300641904,0.0001,0.00321447463006419,18.35,0.0348
2011-03-01,0.030299999999999997,0.0187,0.0184,0.021099999999999997,-0.0143,0.0168,0.011000000000000001,0.0226,0.0092,-0.011000000000000001,-0.0050735482068338,0.0001,0.0051735482068338,17.74,0.0045000000000000005
2011-04-01,0.0461,0.0278,0.0291,0.0158,0.031200000000000002,0.0326,0.0451,0.0625,0.04,0.0106,-0.0046940989750992035,0.0,0.0046940989750992035,14.75,0.028999999999999998
2011-05-01,0.0204,-0.0358,-0.0217,-0.0451,-0.0176,0.0077,0.0088,0.0199,0.0132,-0.0264,-0.003181714734507679,0.0,0.003181714734507679,15.45,-0.0127
2011-06-01,-0.010700000000000001,-0.0109,-0.006,-0.0231,-0.0246,-0.0138,-0.0088,-0.0187,-0.0034000000000000002,-0.021099999999999997,0.0,0.0,0.0,16.52,-0.0174
2011-07-01,-0.0042,-0.09029999999999999,-0.048,0.0049,-0.0053,-0.049800000000000004,-0.0064,-0.036699999999999997,-0.0033,-0.0364,-0.0026200368317570444,0.0,0.0026200368317570444,25.25,-0.0235
2011-08-01,-0.0066,-0.1223,-0.0616,-0.09910000000000001,-0.0677,-0.0504,-0.0288,-0.0313,0.002,-0.0816,-0.0030544621664187924,0.0001,0.003154462166418792,31.62,-0.0596
2011-09-01,-0.0487,-0.13849999999999998,-0.11019999999999999,-0.1223,-0.0478,-0.0572,-0.038900000000000004,-0.0397,-0.0161,-0.1109,-0.0021715478580843772,0.0,0.0021715478580843772,42.96,-0.0758
2011-10-01,0.063,0.23070000000000002,0.1417,0.1625,0.11800000000000001,0.0761,0.0975,0.0552,0.067,0.1358,-0.0006752075270193281,0.0,0.0006752075270193281,29.96,0.1133
2011-11-01,0.0144,-0.0868,0.0138,0.0215,-0.019799999999999998,0.003,0.010700000000000001,0.013000000000000001,0.0101,-0.0204,-0.0018478500551268873,0.0,0.0018478500551268873,27.8,-0.0027
2011-12-01,0.0189,-0.0103,-0.0079,-0.0034999999999999996,-0.0143,0.031200000000000002,0.009000000000000001,0.0347,0.0291,0.0147,-0.00023770849015480877,0.0,0.00023770849015480877,23.4,0.0075
2012-01-01,0.0039000000000000003,0.1366,0.0678,0.0101,0.08470000000000001,0.023700000000000002,0.0406,0.034300000000000004,-0.0271,0.0723,-0.0027241960540966836,0.0,0.0027241960540966836,19.44,0.050499999999999996
2012-02-01,0.0393,0.059500000000000004,0.038900000000000004,0.0652,0.0663,0.0507,0.031200000000000002,0.0125,0.013000000000000001,0.042,-0.002137446124946152,0.0,0.002137446124946152,18.43,0.044199999999999996
2012-03-01,0.039,0.0138,0.0063,-0.0327,0.04650000000000001,0.023799999999999998,0.0466,0.0395,0.0148,0.049100000000000005,-0.002093470387029228,0.0,0.002093470387029228,15.5,0.031200000000000002
2012-04-01,0.008100000000000001,-0.073,-0.0075,-0.015700000000000002,-0.021,0.0169,0.0095,0.006,0.017,-0.0168,-0.0016607883500068255,0.0,0.0016607883500068255,17.15,-0.0085
2012-05-01,-0.026699999999999998,-0.0782,-0.0781,-0.1057,-0.078,-0.0077,-0.030299999999999997,-0.032400000000000005,-0.0088,-0.07719999999999999,0.002168180132381081,0.0001,-0.002068180132381081,24.06,-0.0617
2012-06-01,0.0344,-0.054299999999999994,0.0118,0.057800000000000004,0.029300000000000003,0.0702,0.0217,0.0684,0.0342,0.049100000000000005,0.0008263631713106845,0.0,-0.0008263631713106845,17.08,0.038900000000000004
2012-07-01,0.013999999999999999,-0.0034999999999999996,0.009300000000000001,0.0281,-0.001,0.0415,0.012199999999999999,0.0163,0.035,-0.0123,-0.0002888099280600187,0.0,0.0002888099280600187,18.93,0.0079
2012-08-01,0.0012,0.0425,0.0325,0.0236,0.048,0.0097,0.0276,0.0097,-0.0346,0.0313,-0.00570952797585188,0.0001,0.00580952797585188,17.47,0.0254
2012-09-01,0.009399999999999999,0.034,0.017,0.0381,0.0121,0.048600000000000004,0.0192,0.046799999999999994,0.021099999999999997,0.0383,-0.004671266277542318,0.0001,0.004771266277542319,15.73,0.0273
2012-10-01,-0.0168,0.06309999999999999,-0.006,-0.018600000000000002,-0.0634,-0.024300000000000002,-0.0103,-0.0192,0.0109,0.009300000000000001,-0.0025967945804385886,0.0001,0.0026967945804385884,18.6,-0.0176
2012-11-01,0.032,0.0256,0.0275,-0.0149,0.0148,0.0006,0.0147,0.0151,-0.0379,-0.0038,0.0017793444944266378,0.0001,-0.0016793444944266378,15.87,0.0078000000000000005
2012-12-01,-0.0226,0.076,0.0277,0.013300000000000001,0.0037,0.0115,-0.011200000000000002,-0.0053,0.0012,0.0366,0.00022108160467716455,0.0001,-0.00012108160467716456,18.02,0.0118
2013-01-01,0.0512,0.0336,0.0604,0.0747,0.0239,0.048499999999999995,0.0554,0.0808,0.050499999999999996,0.0676,-0.001980788942180789,0.0,0.001980788942180789,14.28,0.0557
2013-02-01,0.0317,-0.0073,0.0128,0.0068000000000000005,0.0068000000000000005,0.0229,0.0084,0.013300000000000001,0.022000000000000002,0.013999999999999999,-0.005429926752100966,0.0,0.005429926752100966,15.51,0.0128
2013-03-01,0.0506,0.0444,0.026099999999999998,0.0207,0.027000000000000003,0.0564,0.0473,0.0652,0.056900000000000006,0.04190000000000001,0.0028119191025899326,0.0,-0.0028119191025899326,12.7,0.0404
2013-04-01,0.0374,0.0394,0.0073,-0.0139,0.0038,0.0432,0.027200000000000002,0.0259,0.0513,0.0083,0.002087979266581219,0.0,-0.002087979266581219,13.52,0.015600000000000001
2013-05-01,-0.0229,0.10039999999999999,0.0348,0.030299999999999997,0.045599999999999995,-0.0176,0.0223,0.0161,-0.07139999999999999,0.0594,-0.00041415548950163306,0.0,0.00041415548950163306,16.3,0.027999999999999997
2013-06-01,0.0007000000000000001,-0.0045000000000000005,-0.0199,-0.0239,-0.0292,0.019799999999999998,-0.0003,-0.0138,0.008199999999999999,-0.012,-0.002380408205508555,0.0,0.002380408205508555,16.86,-0.012
2013-07-01,0.028900000000000002,0.0901,0.0621,0.0518,0.057,0.034300000000000004,0.059000000000000004,0.08070000000000001,0.0458,0.0565,-0.001957452300544338,0.0,0.001957452300544338,13.45,0.0565
2013-08-01,-0.0391,-0.0103,-0.0181,-0.019,-0.0021,-0.0329,-0.0426,-0.036699999999999997,-0.0443,-0.0368,-0.0023872906826962748,0.0,0.0023872906826962748,17.01,-0.0271
2013-09-01,0.02,0.0645,0.051699999999999996,0.0197,0.0382,0.042800000000000005,0.0449,0.0417,0.0105,0.0383,-0.00037694469193350066,0.0,0.00037694469193350066,16.6,0.0377
2013-10-01,0.0482,0.0076,0.046,0.0479,0.037599999999999995,0.058499999999999996,0.0512,0.0355,0.0334,0.0383,-0.000535231048539142,0.0,0.000535231048539142,13.75,0.0417
2013-11-01,0.0127,0.018799999999999997,0.0297,0.0087,0.0359,0.0008,0.0369,0.045,-0.0181,0.047,-0.0018444894273523804,0.0,0.0018444894273523804,13.7,0.0311
2013-12-01,0.024700000000000003,0.0124,0.031,0.030299999999999997,0.0398,0.0398,0.0025,0.0059,0.0179,0.0315,-0.0026441691584793148,0.0,0.0026441691584793148,13.72,0.0281
2014-01-01,-0.0572,-0.0362,-0.042800000000000005,-0.0689,-0.013999999999999999,-0.0381,-0.06480000000000001,0.0179,0.024900000000000002,-0.0433,-0.0024241752904536895,0.0,0.0024241752904536895,18.41,-0.0332
2014-02-01,0.0346,0.0801,0.0542,0.056900000000000006,0.051500000000000004,0.0256,0.0533,0.0635,0.030899999999999997,0.0345,-0.0011007786202441583,0.0,0.0011007786202441583,14.0,0.0466
2014-03-01,0.0325,-0.0113,0.0031,0.024300000000000002,-0.0060999999999999995,0.0015,-0.0059,-0.024700000000000003,0.0268,0.0204,-0.00204205530106516,0.0,0.00204205530106516,13.88,0.0043
2014-04-01,0.0149,0.0033,0.0083,0.0567,-0.0105,0.0039000000000000003,-0.009300000000000001,-0.0033,0.0398,-0.0194,-0.0018641856050976013,0.0,0.0018641856050976013,13.41,-0.0018
2014-05-01,0.0337,0.0069,0.0127,0.0088,0.0342,0.041100000000000005,0.009899999999999999,0.018500000000000003,0.0001,0.0178,-0.0019030059035471947,0.0,0.0019030059035471947,11.4,0.020499999999999997
2014-06-01,0.012,0.044500000000000005,0.0141,0.0412,0.0286,0.0154,0.0126,0.0287,0.054299999999999994,0.024399999999999998,-0.001321132206079767,0.0,0.001321132206079767,11.57,0.026000000000000002
2014-07-01,-0.0435,-0.0471,-0.041299999999999996,-0.0356,0.0015,0.008,-0.0202,-0.0034000000000000002,-0.064,-0.0226,-0.001125485286492811,0.0,0.001125485286492811,16.95,-0.0203
2014-08-01,0.0556,0.0507,0.0483,0.0232,0.0424,0.0033,0.0501,0.0554,0.053099999999999994,0.041100000000000005,0.00016000134737970129,0.0,-0.00016000134737970129,11.98,0.0424
2014-09-01,-0.0007000000000000001,-0.09380000000000001,-0.025,-0.0783,-0.013999999999999999,-0.014499999999999999,-0.013300000000000001,-0.0022,-0.0338,-0.0111,-7.159100480080838e-05,0.0,7.159100480080838e-05,16.31,-0.0196
2014-10-01,0.0269,0.0349,0.0241,-0.04190000000000001,0.0158,0.013000000000000001,0.0271,0.0592,0.06709999999999999,0.0341,0.00019791390324119806,0.0,-0.00019791390324119806,14.03,0.025099999999999997
2014-11-01,0.0479,0.044199999999999996,0.022799999999999997,-0.09570000000000001,0.042800000000000005,0.0246,0.0751,0.0252,0.0026,0.025099999999999997,0.0018826601524659647,0.0,-0.0018826601524659647,13.33,0.0256
2014-12-01,-0.0241,0.0034999999999999996,-0.0008,0.0054,-0.0126,-0.020499999999999997,0.016,-0.0083,0.018600000000000002,0.0118,0.0030846094445592387,0.0,-0.0030846094445592387,19.2,-0.0005
2015-01-01,-0.005600000000000001,-0.042800000000000005,-0.0375,-0.0431,-0.0346,-0.0447,-0.004,0.0158,0.0124,-0.064,0.0063703164417655556,0.0,-0.0063703164417655556,20.97,-0.031
2015-02-01,0.0513,0.0802,0.061500000000000006,0.0472,0.08220000000000001,0.0892,0.0567,0.04,-0.0436,0.0724,-0.0025346436802173855,0.0,0.0025346436802173855,13.34,0.0613
2015-03-01,-0.0242,-0.0058,-0.020499999999999997,-0.024900000000000002,-0.025099999999999997,-0.0212,0.0066,0.0086,-0.0031,-0.0060999999999999995,-0.0026939517808124425,0.0,0.0026939517808124425,15.29,-0.0111
2015-04-01,0.008100000000000001,-0.0070999999999999995,-0.0076,0.0665,0.0144,0.0363,-0.0209,-0.0155,0.0028000000000000004,0.0062,-0.0010424788961589382,0.0,0.0010424788961589382,14.55,0.0059
2015-05-01,0.015,0.009899999999999999,0.0088,-0.051100000000000007,0.019299999999999998,0.0033,0.010700000000000001,0.0499,-0.0043,0.0172,-0.003297745341246827,0.0,0.003297745341246827,13.84,0.0137
2015-06-01,-0.015300000000000001,-0.018500000000000003,-0.0199,-0.0375,-0.0359,-0.0055000000000000005,-0.0060999999999999995,0.0037,-0.0527,0.0003,-0.0027679208104607333,0.0,0.0027679208104607333,18.23,-0.0152
2015-07-01,0.0496,-0.0231,-0.02,-0.0895,0.022099999999999998,0.0152,0.051399999999999994,0.035,0.0265,0.0182,-0.0015863197801873063,0.0,0.0015863197801873063,12.12,0.015700000000000002
2015-08-01,-0.040999999999999995,-0.059800000000000006,-0.056100000000000004,-0.0365,-0.0583,-0.08380000000000001,-0.053,-0.08380000000000001,-0.0408,-0.0617,4.20108051790713e-06,0.0,-4.20108051790713e-06,28.43,-0.0602
2015-09-01,-0.005600000000000001,-0.0345,-0.0424,-0.0575,-0.0132,-0.025,-0.0206,-0.0692,-0.005,-0.030600000000000002,0.002247587519377592,0.0,-0.002247587519377592,24.5,-0.030600000000000002
2015-10-01,0.068,0.0696,0.0941,0.1217,0.1012,0.0907,0.0482,0.0751,0.0209,0.06570000000000001,-0.0009894820166906904,0.0,0.0009894820166906904,15.07,0.0775
2015-11-01,-0.0092,0.0196,0.0040999999999999995,0.0106,0.0115,-0.0192,0.011000000000000001,0.0058,-0.0342,0.0138,-0.0011946174910508756,0.0,0.0011946174910508756,16.13,0.005699999999999999
2015-12-01,0.0078000000000000005,-0.0408,-0.0254,-0.096,-0.0252,-0.0296,0.0004,0.0032,-0.0239,-0.026699999999999998,0.0011755534268560574,0.0001,-0.0010755534268560574,18.21,-0.0215
2016-01-01,0.0017000000000000001,-0.1233,-0.0571,-0.0437,-0.0596,0.0039000000000000003,-0.0453,-0.1012,0.0467,-0.0873,0.0005584435630738959,0.0001,-0.0004584435630738959,20.2,-0.0574
2016-02-01,0.0059,0.0409,0.033,-0.029500000000000002,-0.0088,0.0091,0.0011,-0.0097,0.0172,-0.0042,0.0015296753235823023,0.0002,-0.0013296753235823022,20.55,-0.0006
2016-03-01,0.0496,0.1065,0.0691,0.10890000000000001,0.0849,0.0616,0.0556,0.0395,0.0784,0.07150000000000001,-0.0029347962382444194,0.0002,0.0031347962382444194,13.95,0.0695
2016-04-01,0.0027,0.0154,0.0229,0.0917,-0.042,0.0069,-0.0055000000000000005,0.0496,-0.008,0.0241,-0.0037306451612901695,0.0001,0.0038306451612901693,15.7,0.0092
2016-05-01,0.0074,-0.0109,-0.0053,-0.0059,0.051399999999999994,0.0017000000000000001,0.0096,0.0242,0.022400000000000003,0.012,-0.0022640958693178506,0.0001,0.0023640958693178504,14.19,0.0178
2016-06-01,0.047400000000000005,-0.0548,0.0091,0.0255,-0.0174,0.0355,0.0073,-0.0017000000000000001,0.07429999999999999,-0.030699999999999998,-0.002575957287827202,0.0002,0.002775957287827202,15.63,-0.0003
2016-07-01,-0.0006,0.0858,0.0407,-0.0273,0.0753,0.0225,0.0384,0.0616,-0.0025,0.0373,0.0007037007434789409,0.0002,-0.0005037007434789409,11.87,0.0394
2016-08-01,-0.0060999999999999995,0.0025,0.013999999999999999,0.0161,0.0179,-0.0317,-0.013600000000000001,-0.0315,-0.0378,0.0329,-0.0016492217858316894,0.0002,0.0018492217858316895,13.42,0.0049
2016-09-01,-0.0248,-0.0154,-0.0002,0.0281,0.0222,0.004699999999999999,-0.0062,0.006,0.0183,-0.0102,-0.0024232097944252074,0.0002,0.0026232097944252075,13.29,0.0027
2016-10-01,-0.0018,-0.0377,-0.0255,-0.0296,-0.011200000000000002,-0.0305,-0.0412,-0.0753,-0.0066,0.0077,-0.0021426874979268763,0.0002,0.0023426874979268764,17.06,-0.020099999999999996
2016-11-01,-0.0387,0.0755,0.0629,0.0959,0.0074,0.0654,0.042800000000000005,0.0239,-0.0265,0.115,-0.0010789477167711837,0.0001,0.0011789477167711837,13.33,0.048600000000000004
2016-12-01,0.0346,0.0398,0.0049,0.0197,0.0092,0.0489,-0.003,0.0069,0.0361,0.0296,-0.002224522158776188,0.0003,0.002524522158776188,14.04,0.0181
2017-01-01,0.0169,0.0294,0.0334,-0.0429,0.046,0.0333,0.0111,0.0202,0.0109,0.009300000000000001,-0.003643076694815628,0.0004,0.004043076694815628,11.99,0.0194
2017-02-01,0.0375,0.0072,0.0417,-0.0246,0.0484,-0.0012,0.0288,0.0697,0.0385,0.037200000000000004,-0.0011926573570097525,0.0004,0.0015926573570097524,12.92,0.0355
2017-03-01,0.0088,0.0024,0.0013,-0.012,0.021099999999999997,0.0088,0.0079,0.0004,0.0038,-0.016200000000000003,0.0007672016261895172,0.0003,-0.00046720162618951733,12.37,0.0017000000000000001
2017-04-01,0.0051,0.0169,0.0187,-0.0273,0.0255,0.0011,0.0265,0.009300000000000001,0.0032,0.0039000000000000003,-0.0007341528217407749,0.0005,0.001234152821740775,10.82,0.0108
2017-05-01,0.0322,-0.0015,0.0127,-0.0338,0.041100000000000005,-0.0152,0.0167,-0.0027,0.024399999999999998,-0.004,0.0013739779600562933,0.0006,-0.0007739779600562935,10.41,0.010700000000000001
2017-06-01,-0.011200000000000002,0.0335,0.012199999999999999,-0.0014000000000000002,-0.0203,-0.0246,-0.018799999999999997,0.0553,-0.0191,0.043899999999999995,-5.1628661825221e-05,0.0006,0.0006516286618252209,11.18,0.0079
2017-07-01,-0.0006,-0.0101,0.0217,0.0204,0.0361,0.0533,0.002,0.0069,0.029900000000000003,0.0144,0.0003723500284645515,0.0007000000000000001,0.0003276499715354486,10.26,0.018799999999999997
2017-08-01,-0.0175,0.0003,0.0033,-0.0513,0.03,-0.0248,-0.016,0.0259,0.0218,-0.005699999999999999,-0.0029486261632881827,0.0009,0.0038486261632881824,10.59,0.0018
2017-09-01,-0.0038,0.053899999999999997,0.0394,0.1094,0.006,-0.015,0.024900000000000002,0.0208,-0.0195,0.045700000000000005,-0.004206389920997767,0.0009,0.005106389920997767,9.51,0.024900000000000002
2017-10-01,0.0008,0.0131,0.0276,0.004699999999999999,0.0689,-0.0558,0.0269,-0.0225,0.0302,0.0222,0.00012494775498615913,0.0009,0.0007750522450138408,10.18,0.0226
2017-11-01,0.0407,-0.0049,0.0347,0.029900000000000003,0.0106,0.0401,0.07769999999999999,0.0248,0.0242,0.0392,-0.0018680074282516842,0.0008,0.002668007428251684,11.28,0.031200000000000002
2017-12-01,0.020099999999999996,-0.0072,0.022799999999999997,0.05,-0.0018,0.0449,0.0254,-0.0016,-0.049800000000000004,0.013600000000000001,-0.0012068892447551058,0.0009,0.0021068892447551058,11.04,0.0106
2018-01-01,0.019299999999999998,0.0275,0.0409,0.0277,0.0774,0.0315,0.09380000000000001,0.0639,-0.0281,0.0591,-0.003153344363511546,0.0011,0.004253344363511546,13.54,0.0558
2018-02-01,-0.0622,-0.0604,-0.0403,-0.10779999999999999,-0.0001,-0.0705,-0.044800000000000006,-0.0349,-0.0454,-0.0332,-0.0015922876006090223,0.0011,0.0026922876006090224,19.85,-0.0364
2018-03-01,-0.0108,-0.0557,-0.022400000000000003,0.030699999999999998,-0.0313,-0.0253,-0.0258,-0.0239,0.0317,-0.0265,0.001007637589217979,0.0012,0.000192362410782021,19.97,-0.0235
2018-04-01,-0.0395,-0.003,-0.0342,0.0993,-0.0016,-0.0231,0.0378,-0.0005,0.0278,0.0059,-0.0012044066560619859,0.0014000000000000002,0.002604406656061986,15.93,0.0027
2018-05-01,-0.0058,0.0311,0.025,0.0339,0.068,-0.0131,0.0085,0.023799999999999998,0.0027,0.014499999999999999,-0.0008579497815982117,0.0014000000000000002,0.002257949781598212,15.43,0.026600000000000002
2018-06-01,0.0433,0.0060999999999999995,-0.0098,0.005,-0.0040999999999999995,0.06509999999999999,0.029300000000000003,0.0147,0.025699999999999997,-0.009399999999999999,0.0004988548279051697,0.0014000000000000002,0.0009011451720948305,16.09,0.0049
2018-07-01,0.0287,-0.0116,0.052199999999999996,0.0111,0.0255,0.0273,0.0308,0.059000000000000004,0.0168,0.0374,0.0008191795010716416,0.0016,0.0007808204989283585,12.83,0.032
2018-08-01,-0.0116,-0.0054,-0.0037,-0.028399999999999998,0.07150000000000001,0.028900000000000002,0.0799,0.045,0.009300000000000001,0.024,-0.00018732077033938445,0.0016,0.0017873207703393845,12.86,0.0345
2018-09-01,0.0070999999999999995,-0.0369,0.0125,0.0337,-0.0005,0.0179,0.0055000000000000005,0.0208,-0.005699999999999999,-0.015,-0.0005622817021174189,0.0015,0.002062281702117419,12.12,0.0006
2018-10-01,-0.0022,-0.029900000000000003,-0.09789999999999999,-0.1173,-0.0882,-0.0040999999999999995,-0.08800000000000001,-0.08789999999999999,-0.0006,-0.0676,-0.00043958014449875407,0.0019,0.002339580144498754,21.23,-0.0765
2018-11-01,0.0049,0.0524,0.046799999999999994,-0.022000000000000002,-0.0158,0.0252,0.0264,0.0641,0.0326,0.028399999999999998,0.0025041919199911594,0.0018,-0.0007041919199911595,18.07,0.0171
2018-12-01,-0.1131,-0.1158,-0.087,-0.1306,-0.08220000000000001,-0.087,-0.0901,-0.0824,-0.04769999999999999,-0.1082,0.0012151064554186558,0.0019,0.0006848935445813442,25.42,-0.0955
2019-01-01,0.0729,0.1103,0.0966,0.10339999999999999,0.09300000000000001,0.0545,0.0832,0.053099999999999994,0.0538,0.0974,0.002914979803534399,0.0021,-0.0008149798035343991,16.57,0.0837
2019-02-01,0.0134,0.0374,0.052000000000000005,0.024700000000000003,0.056600000000000004,0.0304,0.008,0.033,0.0355,0.0308,-0.001201255142321968,0.0018,0.003001255142321968,14.78,0.0342
2019-03-01,0.036699999999999997,-0.05,-0.0088,0.0202,0.037599999999999995,0.006,0.0339,0.0051,0.0333,-0.013600000000000001,-0.0018817929172307974,0.0019,0.0037817929172307974,13.71,0.011000000000000001
2019-04-01,0.0313,0.0341,0.0404,0.0022,0.0581,0.059800000000000006,0.0462,-0.0316,0.01,0.0667,-0.0016596794047436434,0.0021,0.0037596794047436433,13.12,0.0397
2019-05-01,-0.0562,-0.12240000000000001,-0.0917,-0.1188,-0.08539999999999999,-0.03,-0.0605,-0.034,-0.0155,-0.061200000000000004,0.0018531667143355615,0.0021,0.0002468332856644384,18.71,-0.0692
2019-06-01,0.049100000000000005,0.13119999999999998,0.092,0.0883,0.0801,0.051500000000000004,0.0717,0.0682,0.0364,0.0659,0.0021251128102280675,0.0018,-0.0003251128102280676,15.08,0.0699
2019-07-01,0.016,0.0083,0.0097,-0.0264,0.0363,0.020499999999999997,0.0102,-0.0216,-0.0101,0.0177,-0.00040787616618277625,0.0019,0.0023078761661827762,16.12,0.0123
2019-08-01,-0.014199999999999999,-0.046799999999999994,-0.0168,-0.0851,-0.0259,0.0029,0.0012,-0.0064,0.0345,-0.0463,0.0006852299825645489,0.0016,0.0009147700174354512,18.98,-0.0255
2019-09-01,0.018799999999999997,0.0378,0.0384,0.0369,0.0129,0.0126,0.0083,-0.0098,0.0394,0.0191,0.00026115390023282283,0.0018,0.0015388460997671771,16.24,0.0141
2019-10-01,0.0008,0.0702,0.0006,-0.0208,0.032799999999999996,0.0219,0.0067,0.0466,-0.0139,0.030899999999999997,-0.0013272822992627677,0.0015,0.0028272822992627678,13.22,0.0207
2019-11-01,0.0227,0.0291,0.0326,0.011200000000000002,0.0527,0.024700000000000003,0.021099999999999997,0.0548,-0.021400000000000002,0.050499999999999996,-0.0016154226050438603,0.0012,0.00281542260504386,12.62,0.0387
2019-12-01,0.0348,0.054000000000000006,0.0134,0.062400000000000004,0.0384,0.0104,0.013500000000000002,0.0345,0.0412,0.0236,-0.001512218521089249,0.0014000000000000002,0.0029122185210892493,13.78,0.0277
2020-01-01,-0.0043,0.061500000000000006,-0.0274,-0.11869999999999999,0.0337,-0.0212,0.0097,-0.0199,0.0483,-0.0134,-0.0006216641534238744,0.0013,0.0019216641534238743,18.84,-0.0011
2020-02-01,-0.0876,-0.0725,-0.0861,-0.1543,-0.0699,-0.0622,-0.0672,-0.0537,-0.0989,-0.0987,0.0007253292786934195,0.0012,0.0004746707213065804,40.11,-0.0815
2020-03-01,-0.10869999999999999,-0.2267,-0.1691,-0.3447,-0.0977,-0.1322,-0.0791,-0.0509,-0.1305,-0.19219999999999998,0.005728447444551497,0.0012,-0.004528447444551498,53.54,-0.13369999999999999
2020-04-01,0.0775,0.25489999999999996,0.10859999999999999,0.3231,0.1492,0.09210000000000002,0.18239999999999998,0.13449999999999998,0.0518,0.11449999999999999,0.007920147553434065,0.0,-0.007920147553434065,34.15,0.136
2020-05-01,0.031,0.0713,0.0582,0.005600000000000001,0.07629999999999999,0.0481,0.044800000000000006,0.0416,0.0463,0.046,0.0009983252093487382,0.0001,-0.0008983252093487382,27.51,0.0557
2020-06-01,-0.0014000000000000002,0.1413,0.026000000000000002,-0.0039000000000000003,0.057300000000000004,-0.0262,0.044199999999999996,-0.0144,-0.050199999999999995,0.005,-0.004747499237691677,0.0001,0.004847499237691677,30.43,0.0245
2020-07-01,0.0587,0.1868,0.045599999999999995,-0.0479,0.0687,0.0506,0.0943,0.043899999999999995,0.0634,0.0381,-0.00499644338279358,0.0001,0.005096443382793581,24.46,0.0583
2020-08-01,0.044500000000000005,0.40990000000000004,0.0617,-0.011399999999999999,0.10619999999999999,0.055999999999999994,0.08070000000000001,0.0235,-0.0225,0.0679,-0.003631343283582156,0.0001,0.003731343283582156,26.41,0.0762
2020-09-01,-0.0208,-0.0904,-0.0014000000000000002,-0.1499,-0.0524,-0.0197,-0.038599999999999995,-0.0143,-0.0032,-0.029500000000000002,-0.002526139536318739,0.0001,0.002626139536318739,26.37,-0.0364
2020-10-01,-0.027000000000000003,-0.0325,-0.0076,-0.0446,-0.0178,-0.038900000000000004,-0.0269,-0.0437,0.0447,-0.017,-0.001138475828567287,0.0001,0.001238475828567287,38.02,-0.0208
2020-11-01,0.1002,0.33899999999999997,0.1396,0.2853,0.1072,0.1447,0.083,0.0983,0.026600000000000002,0.1588,-0.002174132890799363,0.0001,0.002274132890799363,20.57,0.1245
2020-12-01,0.049100000000000005,0.1539,0.0252,0.056900000000000006,0.0508,0.0512,0.0138,0.0471,0.0062,0.0567,-0.004246309661148906,0.0001,0.004346309661148906,22.75,0.0463
2021-01-01,-0.0415,0.1148,-0.0232,0.050499999999999996,0.005600000000000001,-0.0355,-0.0006,0.0342,-0.0044,-0.027200000000000002,-0.0024499608845809373,0.0,0.0024499608845809373,33.09,-0.0007000000000000001
2021-02-01,0.0132,-0.0808,0.0553,0.23620000000000002,0.013600000000000001,0.0426,-0.0165,-0.0125,-0.045899999999999996,0.09789999999999999,-0.0033956762230333837,0.0,0.0033956762230333837,27.95,0.0281
2021-03-01,0.0728,0.0087,0.0771,0.022799999999999997,0.0087,0.0163,0.057300000000000004,-0.0009,0.1039,0.0526,-0.0052432098156529605,0.0,0.0052432098156529605,19.4,0.0316
2021-04-01,0.0332,0.044000000000000004,0.024399999999999998,0.0075,0.0642,0.0308,0.0703,0.0296,0.0398,0.057,-0.006238653990587206,0.0,0.006238653990587206,18.61,0.0495
2021-05-01,0.0197,-0.0533,0.0277,0.062,-0.0089,-0.0051,-0.0215,-0.0012,-0.0116,0.0277,-0.006635060424433847,0.0,0.006635060424433847,16.76,0.003
2021-06-01,-0.008100000000000001,0.0556,-0.0101,0.0553,0.0677,-0.0001,0.029300000000000003,0.0441,-0.014199999999999999,-0.0202,-0.00846178781815543,0.0,0.00846178781815543,15.83,0.0274
2021-07-01,0.0023,-0.0096,0.013300000000000001,-0.0866,0.036000000000000004,0.0036,0.0025,0.028399999999999998,0.0297,-0.005699999999999999,-0.004614747980816958,0.0,0.004614747980816958,18.24,0.0134
2021-08-01,-0.0028000000000000004,0.0178,0.0055000000000000005,-0.0116,0.0464,0.0137,0.0241,0.028399999999999998,0.0323,0.027000000000000003,-0.002842925602144719,0.0,0.002842925602144719,16.48,0.0294
2021-09-01,-0.0458,0.027999999999999997,-0.0579,0.1108,-0.061399999999999996,-0.0558,-0.0438,-0.0602,-0.0487,-0.0245,-0.004525517463950024,0.0,0.004525517463950024,23.14,-0.044000000000000004
2021-10-01,0.0374,0.3078,0.0499,0.1027,0.0814,-0.0424,0.051500000000000004,0.0223,0.051100000000000007,0.0668,-0.00963820232923207,0.0,0.00963820232923207,16.26,0.0663
2021-11-01,-0.0387,0.020499999999999997,-0.0069,-0.054000000000000006,0.014499999999999999,-0.0719,0.0147,-0.0426,-0.0197,-0.0548,-0.00856626288193807,0.0,0.00856626288193807,27.19,-0.0158
2021-12-01,0.08070000000000001,-0.0466,0.0581,0.0305,0.0167,0.0395,0.0152,0.0658,0.08560000000000001,0.049400000000000006,-0.0068052305508052744,0.0001,0.006905230550805275,17.22,0.0323
2022-01-01,-0.006500000000000001,-0.10310000000000001,-0.0584,0.17420000000000002,-0.0843,-0.019299999999999998,-0.0883,-0.0877,-0.021,-0.0326,-0.006046039630400957,0.0,0.006046039630400957,24.83,-0.0616
2022-02-01,-0.005699999999999999,-0.0707,-0.0123,0.0836,-0.0452,0.0029,-0.0155,-0.0101,-0.0109,-0.0172,-0.0069263793475682345,0.0,0.0069263793475682345,30.15,-0.022799999999999997
2022-03-01,0.0045000000000000005,0.1503,0.0092,0.09789999999999999,0.032799999999999996,-0.0242,0.0298,0.051500000000000004,0.0969,0.0109,-0.011156414762741651,0.0,0.011156414762741651,20.56,0.0308
2022-04-01,0.0226,-0.16899999999999998,-0.0529,-0.0128,-0.126,-0.1056,-0.0978,-0.0691,-0.0371,-0.0913,-0.0030833512934780316,0.0,0.0030833512934780316,33.4,-0.0941
2022-05-01,-0.0163,-0.0904,-0.0037,0.1557,-0.0209,0.0866,-0.040999999999999995,0.0096,0.048,0.0062,-0.00918499623996324,0.0003,0.00948499623996324,26.19,-0.0034000000000000002
2022-06-01,-0.038900000000000004,-0.1184,-0.09449999999999999,-0.1655,-0.08130000000000001,-0.0663,-0.07730000000000001,-0.0202,-0.0654,-0.09960000000000001,-0.011961019986405686,0.0006,0.012561019986405686,28.71,-0.084
2022-07-01,0.041299999999999996,0.27649999999999997,0.0833,0.1047,0.1167,-0.0003,0.147,0.0277,0.06269999999999999,0.0886,0.0009491742864213608,0.0008,-0.00014917428642136077,21.33,0.09570000000000001
2022-08-01,-0.0182,-0.0579,-0.0349,0.0335,-0.0537,-0.0287,-0.0311,-0.0504,0.0011,-0.025099999999999997,0.0012760871850343452,0.0019,0.0006239128149656548,25.87,-0.0377
2022-09-01,-0.0837,-0.0655,-0.11539999999999999,-0.0925,-0.1149,-0.1386,-0.07629999999999999,-0.0192,-0.1161,-0.0809,-0.0023426727482827167,0.0019,0.0042426727482827165,31.62,-0.0934
2022-10-01,0.09960000000000001,-0.0662,0.12210000000000001,0.2346,0.0506,0.106,0.0435,0.08779999999999999,0.0345,0.1149,-0.0032947548329842168,0.0023,0.005594754832984217,25.88,0.0785
2022-11-01,0.053099999999999994,-0.0808,0.0902,0.0104,0.0537,0.0218,0.0379,0.0535,0.06849999999999999,0.059000000000000004,0.00028596744371776894,0.0029,0.002614032556282231,20.58,0.04650000000000001
2022-12-01,-0.0263,-0.2807,-0.0236,-0.0424,-0.0795,-0.0682,-0.0793,-0.0172,-0.011200000000000002,-0.0536,0.003146043656664074,0.0033,0.0001539563433359259,21.67,-0.0638
2023-01-01,-0.0037,0.2904,0.0592,0.0275,0.0958,0.1356,0.0975,-0.0105,-0.012199999999999999,0.0751,-0.001814022594635093,0.0034999999999999996,0.005314022594635093,19.4,0.0661
2023-02-01,-0.0217,0.10980000000000001,-0.018500000000000003,-0.069,-0.002,-0.065,-0.0467,-0.0429,-0.053200000000000004,-0.024399999999999998,-2.8533386591991783e-05,0.0034000000000000002,0.003428533386591992,20.7,-0.025699999999999997
2023-03-01,0.0317,-0.0064,0.0037,-0.0043,0.1047,-0.001,0.0339,0.024900000000000002,0.0395,-0.05,0.0023692818046109976,0.0036,0.0012307181953890023,18.7,0.0248
2023-04-01,0.0317,-0.15259999999999999,-0.0059,0.0258,0.0024,0.009899999999999999,0.022400000000000003,0.0412,0.0172,0.018000000000000002,0.00010726059485593673,0.0034999999999999996,0.003392739405144063,15.78,0.0062
2023-05-01,-0.0542,0.1355,-0.0554,-0.0951,0.0855,-0.0941,0.0052,-0.0366,-0.0583,-0.028399999999999998,0.001985312618666365,0.0036,0.0016146873813336349,17.94,0.0034000000000000002
2023-06-01,0.0285,0.2466,0.10679999999999999,0.0654,0.0591,0.0462,0.0783,0.0466,0.025099999999999997,0.07440000000000001,0.00175824668517199,0.004,0.00224175331482801,13.59,0.0646
2023-07-01,0.023,0.0276,0.0319,0.0746,0.042199999999999994,0.0095,0.0226,-0.0012,0.0277,0.0538,0.0025428532896512555,0.0045000000000000005,0.001957146710348745,13.63,0.0321
2023-08-01,-0.0378,-0.0435,-0.023799999999999998,0.0197,-0.016399999999999998,0.0016,-0.0039000000000000003,-0.0023,-0.0536,-0.0338,-0.00033570741507977023,0.0045000000000000005,0.004835707415079771,13.57,-0.0236
2023-09-01,-0.046,-0.0258,-0.0707,0.031400000000000004,-0.0602,-0.032,-0.056600000000000004,-0.047,-0.050499999999999996,-0.0341,0.0003990845590396159,0.0043,0.003900915440960384,17.52,-0.052300000000000006
2023-10-01,-0.0369,-0.179,-0.027000000000000003,-0.0611,-0.0177,-0.0013,0.004,-0.045899999999999996,0.0102,-0.0269,0.0033331506528332007,0.004699999999999999,0.0013668493471667986,18.14,-0.0315
2023-11-01,0.049400000000000006,0.1577,0.08689999999999999,-0.0134,0.1206,0.0696,0.0717,0.057999999999999996,0.051500000000000004,0.1045,0.002931017627788398,0.0044,0.0014689823722116024,12.92,0.0888
2023-12-01,0.035699999999999996,0.0659,0.0633,0.0017000000000000001,0.0462,0.0225,0.059000000000000004,0.0691,0.0173,0.0662,0.002375600036346211,0.0043,0.001924399963653789,12.45,0.048499999999999995
2024-01-01,-0.0194,-0.1793,-0.0116,-0.0011,0.0311,0.045700000000000005,0.0124,0.0352,-0.0301,0.009899999999999999,0.001600314503094797,0.004699999999999999,0.0030996854969052023,14.35,0.0073
2024-02-01,0.0169,0.0721,0.0533,0.030899999999999997,0.0622,-0.027200000000000002,0.09480000000000001,0.0463,0.0239,0.04650000000000001,0.0001024598156913652,0.0042,0.0040975401843086345,13.4,0.0507
2024-03-01,0.0296,-0.0559,0.044800000000000006,0.10289999999999999,0.0236,0.030899999999999997,0.0268,0.0219,0.0704,0.0449,-0.00013133837352527315,0.0043,0.004431338373525273,13.01,0.028399999999999998
2024-04-01,-0.013600000000000001,-0.0095,-0.0393,-0.0064,-0.0441,-0.0653,-0.0473,-0.0587,0.0158,-0.045599999999999995,0.002529323344378904,0.004699999999999999,0.0021706766556210955,15.65,-0.04650000000000001
2024-05-01,0.0096,-0.0078000000000000005,0.031200000000000002,-0.0045000000000000005,0.081,0.0374,0.024700000000000003,0.032,0.0803,0.0326,0.0039144126789405894,0.0044,0.0004855873210594108,12.92,0.0433
2024-06-01,-0.021,0.0613,-0.019,-0.0215,0.0757,-0.006,0.0353,0.029300000000000003,-0.0416,-0.0013,0.004518296479604118,0.0040999999999999995,-0.00041829647960411886,12.44,0.027999999999999997
2024-07-01,0.04769999999999999,0.1158,0.034300000000000004,0.0199,-0.0175,0.0385,0.0054,0.0083,0.0639,0.062,0.002822919461800851,0.0045000000000000005,0.0016770805381991494,16.36,0.012199999999999999
2024-08-01,0.040999999999999995,-0.0513,0.0163,-0.0292,0.013500000000000002,0.0124,0.013600000000000001,0.0641,0.0458,0.030600000000000002,0.0032277782561414845,0.0048,0.001572221743858515,15.0,0.016
2024-09-01,0.0098,0.1427,0.025,-0.0315,0.0297,0.0556,0.036699999999999997,-0.0184,0.053399999999999996,0.0067,0.0018666632703097062,0.004,0.002133336729690294,16.73,0.0172
2024-10-01,-0.0259,-0.031400000000000004,-0.04019999999999999,-0.0054,-0.0022,0.023700000000000002,-0.011399999999999999,-0.0315,0.0069,0.011000000000000001,0.0010436015403583044,0.0039000000000000003,0.002856398459641696,23.16,-0.01
2024-11-01,0.015300000000000001,0.29710000000000003,0.0635,0.0654,0.0495,0.09179999999999999,0.09960000000000001,-0.0051,0.0621,0.1018,0.0011580738267151745,0.004,0.0028419261732848256,13.51,0.0649
2024-12-01,-0.0504,0.1101,-0.0781,-0.0898,0.0143,-0.0796,-0.0187,-0.0538,-0.07780000000000001,-0.0708,0.00030061669109856214,0.0037,0.003399383308901438,17.35,-0.0317
2025-01-01,0.0066,0.0043,0.0382,0.0143,0.0027,0.0137,0.0673,0.0635,0.0292,0.06309999999999999,-0.0005726162139017364,0.0037,0.0042726162139017365,16.43,0.027999999999999997
2025-02-01,0.0553,-0.228,-0.0184,0.0297,-0.0395,0.094,-0.0374,0.035,0.0202,-0.005600000000000001,0.0010489410931117408,0.0033,0.002251058906888259,19.63,-0.024399999999999998
2025-03-01,0.0040999999999999995,-0.0999,-0.0455,0.0385,-0.0915,-0.0134,-0.0736,-0.0416,0.0076,-0.0434,0.0030684173811853926,0.0034000000000000002,0.0003315826188146076,22.28,-0.0639
2025-04-01,-0.006,0.058899999999999994,-0.0217,-0.14029999999999998,0.011200000000000002,-0.049,0.0095,-0.0066,-0.0132,-0.015300000000000001,0.0018832887721437729,0.0034999999999999996,0.0016167112278562268,24.7,-0.0084
2025-05-01,0.012199999999999999,0.1886,0.0682,0.0178,0.10679999999999999,0.038599999999999995,0.0557,-0.0395,0.034300000000000004,0.0431,0.0028071869672996208,0.0038,0.0009928130327003792,18.57,0.060599999999999994
2025-06-01,-0.0074,-0.0584,0.0369,0.0513,0.0908,0.0363,0.0241,0.020099999999999996,0.0101,0.0417,0.0008580500280705311,0.0034000000000000002,0.002541949971929469,16.73,0.048600000000000004
2025-07-01,-0.018799999999999997,-0.0115,0.0213,0.0353,0.0565,-0.0336,0.0218,-0.0128,0.0337,-0.011899999999999999,0.0011164901146422518,0.0034000000000000002,0.0022835098853577485,16.72,0.019799999999999998
2025-08-01,0.0305,0.08039999999999999,0.013600000000000001,0.0441,0.0096,0.038,0.008199999999999999,0.0473,-0.0159,0.042199999999999994,0.0003173557977333729,0.0038,0.003482644202266627,15.36,0.0184
2025-09-01,-0.030600000000000002,0.2511,0.027200000000000002,-0.0075,0.0708,-0.0113,-0.0115,0.0203,0.0398,0.0028000000000000004,0.00034909818089593186,0.0033,0.002950901819104068,16.28,0.0339
2025-10-01,-0.0335,0.0256,0.0276,-0.008100000000000001,0.0559,-0.058499999999999996,0.0174,0.042800000000000005,0.0044,-0.0278,0.0037,0.0037,0.0,17.44,0.0196
2025-11-01,0.0526,-0.0371,-0.0029,0.023700000000000002,-0.0252,-0.014499999999999999,0.0028000000000000004,0.10859999999999999,0.028999999999999998,0.0174,0.0004772163024874239,0.003,0.002522783697512576,16.35,-0.0013
2025-12-01,-0.0086,0.043899999999999995,0.0147,-0.008,-0.0063,0.0371,-0.0132,-0.015300000000000001,-0.042699999999999995,0.0197,0.00042211571295396044,0.0034000000000000002,0.00297788428704604,14.95,-0.0036
